test_id,suite,group,phase,confidence,diagnostic,source_junit,outcome,outcome_index,junit_classname,junit_name,evidence_kind,source_log,log_line,evidence_note
test/python/pipe/test_pipe_protocols.py::test_pipe_resources_coexist_with_reset[computed-address-dram-bf16],pytest,JIT RISC-V / DFB reset-reconfiguration,emulator JIT compilation,high (observed diagnostic),/tmp/default/ttlang_kernel_compute_6d5ebac3.cpp:66:16: error: invalid instruction mnemonic 'sw',pytest-report.xml,failure,1,python.pipe.test_pipe_protocols,test_pipe_resources_coexist_with_reset[computed-address-dram-bf16],junit+exact-pytest-failure-block,pytest.log,20255,Exact parametrized heading and traceback source/function match JUnit
test/python/pipe/test_pipe_protocols.py::test_pipe_resources_coexist_with_reset[computed-address-dram-fp32],pytest,JIT RISC-V / DFB reset-reconfiguration,emulator JIT compilation,high (observed diagnostic),/tmp/default/ttlang_kernel_compute_6d5ebac3.cpp:66:16: error: invalid instruction mnemonic 'sw',pytest-report.xml,failure,1,python.pipe.test_pipe_protocols,test_pipe_resources_coexist_with_reset[computed-address-dram-fp32],junit+exact-pytest-failure-block,pytest.log,21595,Exact parametrized heading and traceback source/function match JUnit
test/python/pipe/test_pipe_protocols.py::test_pipe_resources_coexist_with_reset[computed-address-l1-bf16],pytest,JIT compilation failure (detailed cause unavailable),emulator JIT compilation,high (compilation failure observed; detailed cause not inferred),RuntimeError: jit_compile_kernel: compiler failed (exit 256) for kernel: /tmp/default/ttlang_kernel_compute_6d5ebac3.cpp,pytest-report.xml,failure,1,python.pipe.test_pipe_protocols,test_pipe_resources_coexist_with_reset[computed-address-l1-bf16],junit,,,Exact parametrized heading and traceback source/function match JUnit; no classifiable diagnostic was captured in that block
test/python/pipe/test_pipe_protocols.py::test_pipe_resources_coexist_with_reset[computed-address-l1-fp32],pytest,JIT compilation failure (detailed cause unavailable),emulator JIT compilation,high (compilation failure observed; detailed cause not inferred),RuntimeError: jit_compile_kernel: compiler failed (exit 256) for kernel: /tmp/default/ttlang_kernel_compute_6d5ebac3.cpp,pytest-report.xml,failure,1,python.pipe.test_pipe_protocols,test_pipe_resources_coexist_with_reset[computed-address-l1-fp32],junit,,,Exact parametrized heading and traceback source/function match JUnit; no classifiable diagnostic was captured in that block
test/python/pipe/test_pipe_protocols.py::test_pipe_resources_coexist_with_reset[published-address-dram-bf16],pytest,JIT RISC-V / DFB reset-reconfiguration,emulator JIT compilation,high (observed diagnostic),/tmp/default/ttlang_kernel_compute_e3777732.cpp:66:16: error: invalid instruction mnemonic 'sw',pytest-report.xml,failure,1,python.pipe.test_pipe_protocols,test_pipe_resources_coexist_with_reset[published-address-dram-bf16],junit+exact-pytest-failure-block,pytest.log,24919,Exact parametrized heading and traceback source/function match JUnit
test/python/pipe/test_pipe_protocols.py::test_pipe_resources_coexist_with_reset[published-address-dram-fp32],pytest,JIT RISC-V / DFB reset-reconfiguration,emulator JIT compilation,high (observed diagnostic),/tmp/default/ttlang_kernel_compute_e3777732.cpp:66:16: error: invalid instruction mnemonic 'sw',pytest-report.xml,failure,1,python.pipe.test_pipe_protocols,test_pipe_resources_coexist_with_reset[published-address-dram-fp32],junit+exact-pytest-failure-block,pytest.log,26268,Exact parametrized heading and traceback source/function match JUnit
test/python/pipe/test_pipe_protocols.py::test_pipe_resources_coexist_with_reset[published-address-l1-bf16],pytest,JIT compilation failure (detailed cause unavailable),emulator JIT compilation,high (compilation failure observed; detailed cause not inferred),RuntimeError: jit_compile_kernel: compiler failed (exit 256) for kernel: /tmp/default/ttlang_kernel_compute_e3777732.cpp,pytest-report.xml,failure,1,python.pipe.test_pipe_protocols,test_pipe_resources_coexist_with_reset[published-address-l1-bf16],junit,,,Exact parametrized heading and traceback source/function match JUnit; no classifiable diagnostic was captured in that block
test/python/pipe/test_pipe_protocols.py::test_pipe_resources_coexist_with_reset[published-address-l1-fp32],pytest,JIT compilation failure (detailed cause unavailable),emulator JIT compilation,high (compilation failure observed; detailed cause not inferred),RuntimeError: jit_compile_kernel: compiler failed (exit 256) for kernel: /tmp/default/ttlang_kernel_compute_e3777732.cpp,pytest-report.xml,failure,1,python.pipe.test_pipe_protocols,test_pipe_resources_coexist_with_reset[published-address-l1-fp32],junit,,,Exact parametrized heading and traceback source/function match JUnit; no classifiable diagnostic was captured in that block
test/python/pipe/test_pipenet_multi_iter.py::test_cross_dfb_multicast_loopback,pytest,Numerical: cross-DFB multicast loopback,runtime result validation,high (observed mismatch; root cause not inferred),AssertionError: Tensor-likes are not close!,pytest-report.xml,failure,1,python.pipe.test_pipenet_multi_iter,test_cross_dfb_multicast_loopback,junit,,,
test/python/pipe/test_pipenet_tree_reduce.py::test_tree_reduce[default-dram-fp32],pytest,Numerical: tree reduction,runtime result validation,high (observed mismatch; root cause not inferred),AssertionError: Expected pcc 0.192032128572464 >= 0.999,pytest-report.xml,failure,1,python.pipe.test_pipenet_tree_reduce,test_tree_reduce[default-dram-fp32],junit,,,
test/python/pipe/test_pipenet_tree_reduce.py::test_tree_reduce[default-l1-fp32],pytest,Numerical: tree reduction,runtime result validation,high (observed mismatch; root cause not inferred),AssertionError: Expected pcc 0.192032128572464 >= 0.999,pytest-report.xml,failure,1,python.pipe.test_pipenet_tree_reduce,test_tree_reduce[default-l1-fp32],junit,,,
test/python/pipe/test_reconfigured_computed_address.py::test_reconfigured_receiver_uses_published_address[dram-bf16],pytest,JIT compilation failure (detailed cause unavailable),emulator JIT compilation,high (compilation failure observed; detailed cause not inferred),RuntimeError: jit_compile_kernel: compiler failed (exit 256) for kernel: /tmp/default/ttlang_kernel_compute_5727e2f0.cpp,pytest-report.xml,failure,1,python.pipe.test_reconfigured_computed_address,test_reconfigured_receiver_uses_published_address[dram-bf16],junit,,,Exact parametrized heading and traceback source/function match JUnit; no classifiable diagnostic was captured in that block
test/python/pipe/test_reconfigured_computed_address.py::test_reconfigured_receiver_uses_published_address[dram-f32],pytest,JIT RISC-V / DFB reset-reconfiguration,emulator JIT compilation,high (observed diagnostic),/tmp/default/ttlang_kernel_synchronize_afdd744c.cpp:68:16: error: invalid instruction mnemonic 'sw',pytest-report.xml,failure,1,python.pipe.test_reconfigured_computed_address,test_reconfigured_receiver_uses_published_address[dram-f32],junit+exact-pytest-failure-block,pytest.log,32382,Exact parametrized heading and traceback source/function match JUnit
test/python/pipe/test_reconfigured_computed_address.py::test_reconfigured_receiver_uses_published_address[l1-bf16],pytest,JIT compilation failure (detailed cause unavailable),emulator JIT compilation,high (compilation failure observed; detailed cause not inferred),RuntimeError: jit_compile_kernel: compiler failed (exit 256) for kernel: /tmp/default/ttlang_kernel_compute_5727e2f0.cpp,pytest-report.xml,failure,1,python.pipe.test_reconfigured_computed_address,test_reconfigured_receiver_uses_published_address[l1-bf16],junit,,,Exact parametrized heading and traceback source/function match JUnit; no classifiable diagnostic was captured in that block
test/python/pipe/test_reconfigured_computed_address.py::test_reconfigured_receiver_uses_published_address[l1-f32],pytest,JIT RISC-V / DFB reset-reconfiguration,emulator JIT compilation,high (observed diagnostic),/tmp/default/ttlang_kernel_synchronize_afdd744c.cpp:68:16: error: invalid instruction mnemonic 'sw',pytest-report.xml,failure,1,python.pipe.test_reconfigured_computed_address,test_reconfigured_receiver_uses_published_address[l1-f32],junit+exact-pytest-failure-block,pytest.log,34702,Exact parametrized heading and traceback source/function match JUnit
test/python/test_dfb_reconfiguration.py::test_reconfiguration_supports_compute_dfb_formats[dram-bf16],pytest,JIT compilation failure (detailed cause unavailable),emulator JIT compilation,high (compilation failure observed; detailed cause not inferred),RuntimeError: jit_compile_kernel: compiler failed (exit 256) for kernel: /tmp/default/ttlang_kernel_compute_5a42e182.cpp,pytest-report.xml,failure,1,python.test_dfb_reconfiguration,test_reconfiguration_supports_compute_dfb_formats[dram-bf16],junit,,,Exact parametrized heading and traceback source/function match JUnit; no classifiable diagnostic was captured in that block
test/python/test_dfb_reconfiguration.py::test_reconfiguration_supports_compute_dfb_formats[dram-f32],pytest,JIT RISC-V / DFB reset-reconfiguration,emulator JIT compilation,high (observed diagnostic),/tmp/default/ttlang_kernel_write_bf681e82.cpp:73:16: error: invalid instruction mnemonic 'sw',pytest-report.xml,failure,1,python.test_dfb_reconfiguration,test_reconfiguration_supports_compute_dfb_formats[dram-f32],junit+exact-pytest-failure-block,pytest.log,36837,Exact parametrized heading and traceback source/function match JUnit
test/python/test_dfb_reconfiguration.py::test_reconfiguration_supports_compute_dfb_formats[dram-bfp8-b],pytest,JIT RISC-V / DFB reset-reconfiguration,emulator JIT compilation,high (observed diagnostic),/tmp/default/ttlang_kernel_write_0e78eead.cpp:73:16: error: invalid instruction mnemonic 'sw',pytest-report.xml,failure,1,python.test_dfb_reconfiguration,test_reconfiguration_supports_compute_dfb_formats[dram-bfp8-b],junit+exact-pytest-failure-block,pytest.log,38074,Exact parametrized heading and traceback source/function match JUnit
test/python/test_dfb_reconfiguration.py::test_reconfiguration_supports_compute_dfb_formats[dram-bfp4-b],pytest,JIT RISC-V / DFB reset-reconfiguration,emulator JIT compilation,high (observed diagnostic),/tmp/default/ttlang_kernel_write_39c0bf80.cpp:73:16: error: invalid instruction mnemonic 'sw',pytest-report.xml,failure,1,python.test_dfb_reconfiguration,test_reconfiguration_supports_compute_dfb_formats[dram-bfp4-b],junit+exact-pytest-failure-block,pytest.log,39311,Exact parametrized heading and traceback source/function match JUnit
test/python/test_dfb_reconfiguration.py::test_reconfiguration_supports_compute_dfb_formats[dram-u32],pytest,JIT RISC-V / DFB reset-reconfiguration,emulator JIT compilation,high (observed diagnostic),/tmp/default/ttlang_kernel_write_bca5a04a.cpp:73:16: error: invalid instruction mnemonic 'sw',pytest-report.xml,failure,1,python.test_dfb_reconfiguration,test_reconfiguration_supports_compute_dfb_formats[dram-u32],junit+exact-pytest-failure-block,pytest.log,40548,Exact parametrized heading and traceback source/function match JUnit
test/python/test_dfb_reconfiguration.py::test_reconfiguration_supports_compute_dfb_formats[dram-u16],pytest,JIT RISC-V / DFB reset-reconfiguration,emulator JIT compilation,high (observed diagnostic),/tmp/default/ttlang_kernel_write_0e78eead.cpp:73:16: error: invalid instruction mnemonic 'sw',pytest-report.xml,failure,1,python.test_dfb_reconfiguration,test_reconfiguration_supports_compute_dfb_formats[dram-u16],junit+exact-pytest-failure-block,pytest.log,41785,Exact parametrized heading and traceback source/function match JUnit
test/python/test_dfb_reconfiguration.py::test_reconfiguration_supports_compute_dfb_formats[dram-i32],pytest,JIT RISC-V / DFB reset-reconfiguration,emulator JIT compilation,high (observed diagnostic),/tmp/default/ttlang_kernel_write_bf681e82.cpp:73:16: error: invalid instruction mnemonic 'sw',pytest-report.xml,failure,1,python.test_dfb_reconfiguration,test_reconfiguration_supports_compute_dfb_formats[dram-i32],junit+exact-pytest-failure-block,pytest.log,43022,Exact parametrized heading and traceback source/function match JUnit
test/python/test_dfb_reconfiguration.py::test_reconfiguration_supports_compute_dfb_formats[l1-bf16],pytest,JIT compilation failure (detailed cause unavailable),emulator JIT compilation,high (compilation failure observed; detailed cause not inferred),RuntimeError: jit_compile_kernel: compiler failed (exit 256) for kernel: /tmp/default/ttlang_kernel_compute_5a42e182.cpp,pytest-report.xml,failure,1,python.test_dfb_reconfiguration,test_reconfiguration_supports_compute_dfb_formats[l1-bf16],junit,,,Exact parametrized heading and traceback source/function match JUnit; no classifiable diagnostic was captured in that block
test/python/test_dfb_reconfiguration.py::test_reconfiguration_supports_compute_dfb_formats[l1-f32],pytest,JIT RISC-V / DFB reset-reconfiguration,emulator JIT compilation,high (observed diagnostic),/tmp/default/ttlang_kernel_write_0e78eead.cpp:73:16: error: invalid instruction mnemonic 'sw',pytest-report.xml,failure,1,python.test_dfb_reconfiguration,test_reconfiguration_supports_compute_dfb_formats[l1-f32],junit+exact-pytest-failure-block,pytest.log,45250,Exact parametrized heading and traceback source/function match JUnit
test/python/test_dfb_reconfiguration.py::test_reconfiguration_supports_compute_dfb_formats[l1-bfp8-b],pytest,JIT compilation failure (detailed cause unavailable),emulator JIT compilation,high (compilation failure observed; detailed cause not inferred),RuntimeError: jit_compile_kernel: compiler failed (exit 256) for kernel: /tmp/default/ttlang_kernel_compute_5a42e182.cpp,pytest-report.xml,failure,1,python.test_dfb_reconfiguration,test_reconfiguration_supports_compute_dfb_formats[l1-bfp8-b],junit,,,Exact parametrized heading and traceback source/function match JUnit; no classifiable diagnostic was captured in that block
test/python/test_dfb_reconfiguration.py::test_reconfiguration_supports_compute_dfb_formats[l1-bfp4-b],pytest,JIT compilation failure (detailed cause unavailable),emulator JIT compilation,high (compilation failure observed; detailed cause not inferred),RuntimeError: jit_compile_kernel: compiler failed (exit 256) for kernel: /tmp/default/ttlang_kernel_compute_5a42e182.cpp,pytest-report.xml,failure,1,python.test_dfb_reconfiguration,test_reconfiguration_supports_compute_dfb_formats[l1-bfp4-b],junit,,,Exact parametrized heading and traceback source/function match JUnit; no classifiable diagnostic was captured in that block
test/python/test_dfb_reconfiguration.py::test_reconfiguration_supports_compute_dfb_formats[l1-u32],pytest,JIT compilation failure (detailed cause unavailable),emulator JIT compilation,high (compilation failure observed; detailed cause not inferred),RuntimeError: jit_compile_kernel: compiler failed (exit 256) for kernel: /tmp/default/ttlang_kernel_compute_5a42e182.cpp,pytest-report.xml,failure,1,python.test_dfb_reconfiguration,test_reconfiguration_supports_compute_dfb_formats[l1-u32],junit,,,Exact parametrized heading and traceback source/function match JUnit; no classifiable diagnostic was captured in that block
test/python/test_dfb_reconfiguration.py::test_reconfiguration_supports_compute_dfb_formats[l1-u16],pytest,JIT compilation failure (detailed cause unavailable),emulator JIT compilation,high (compilation failure observed; detailed cause not inferred),RuntimeError: jit_compile_kernel: compiler failed (exit 256) for kernel: /tmp/default/ttlang_kernel_compute_5a42e182.cpp,pytest-report.xml,failure,1,python.test_dfb_reconfiguration,test_reconfiguration_supports_compute_dfb_formats[l1-u16],junit,,,Exact parametrized heading and traceback source/function match JUnit; no classifiable diagnostic was captured in that block
test/python/test_dfb_reconfiguration.py::test_reconfiguration_supports_compute_dfb_formats[l1-i32],pytest,JIT compilation failure (detailed cause unavailable),emulator JIT compilation,high (compilation failure observed; detailed cause not inferred),RuntimeError: jit_compile_kernel: compiler failed (exit 256) for kernel: /tmp/default/ttlang_kernel_compute_5a42e182.cpp,pytest-report.xml,failure,1,python.test_dfb_reconfiguration,test_reconfiguration_supports_compute_dfb_formats[l1-i32],junit,,,Exact parametrized heading and traceback source/function match JUnit; no classifiable diagnostic was captured in that block
test/python/test_dfb_reconfiguration.py::test_reconfiguration_supports_data_movement_u8[dram],pytest,JIT compilation failure (detailed cause unavailable),emulator JIT compilation,high (compilation failure observed; detailed cause not inferred),RuntimeError: jit_compile_kernel: compiler failed (exit 256) for kernel: /tmp/default/ttlang_kernel_compute_3fc8bb8f.cpp,pytest-report.xml,failure,1,python.test_dfb_reconfiguration,test_reconfiguration_supports_data_movement_u8[dram],junit,,,Exact parametrized heading and traceback source/function match JUnit; no classifiable diagnostic was captured in that block
test/python/test_dfb_reconfiguration.py::test_reconfiguration_supports_data_movement_u8[l1],pytest,JIT compilation failure (detailed cause unavailable),emulator JIT compilation,high (compilation failure observed; detailed cause not inferred),RuntimeError: jit_compile_kernel: compiler failed (exit 256) for kernel: /tmp/default/ttlang_kernel_compute_3fc8bb8f.cpp,pytest-report.xml,failure,1,python.test_dfb_reconfiguration,test_reconfiguration_supports_data_movement_u8[l1],junit,,,Exact parametrized heading and traceback source/function match JUnit; no classifiable diagnostic was captured in that block
test/python/test_dfb_reconfiguration.py::test_reconfiguration_composes_varying_caller_runtime_args,pytest,JIT RISC-V / DFB reset-reconfiguration,emulator JIT compilation,high (observed diagnostic),/tmp/default/ttlang_kernel_read_c7b0c9a4.cpp:61:16: error: invalid instruction mnemonic 'lw',pytest-report.xml,failure,1,python.test_dfb_reconfiguration,test_reconfiguration_composes_varying_caller_runtime_args,junit+exact-pytest-failure-block,pytest.log,53348,Exact parametrized heading and traceback source/function match JUnit
test/python/test_dfb_reconfiguration.py::test_reconfiguration_reuses_ids_with_different_capacity_and_cached_execution[dram-one-core-bf16],pytest,JIT RISC-V / DFB reset-reconfiguration,emulator JIT compilation,high (observed diagnostic),/tmp/default/ttlang_kernel_write_f89449d9.cpp:73:16: error: invalid instruction mnemonic 'sw',pytest-report.xml,failure,1,python.test_dfb_reconfiguration,test_reconfiguration_reuses_ids_with_different_capacity_and_cached_execution[dram-one-core-bf16],junit+exact-pytest-failure-block,pytest.log,54565,Exact parametrized heading and traceback source/function match JUnit
test/python/test_dfb_reconfiguration.py::test_reconfiguration_reuses_ids_with_different_capacity_and_cached_execution[dram-one-core-f32],pytest,JIT RISC-V / DFB reset-reconfiguration,emulator JIT compilation,high (observed diagnostic),/tmp/default/ttlang_kernel_write_56c5404e.cpp:73:16: error: invalid instruction mnemonic 'sw',pytest-report.xml,failure,1,python.test_dfb_reconfiguration,test_reconfiguration_reuses_ids_with_different_capacity_and_cached_execution[dram-one-core-f32],junit+exact-pytest-failure-block,pytest.log,56014,Exact parametrized heading and traceback source/function match JUnit
test/python/test_dfb_reconfiguration.py::test_reconfiguration_reuses_ids_with_different_capacity_and_cached_execution[dram-two-core-bf16],pytest,JIT compilation failure (detailed cause unavailable),emulator JIT compilation,high (compilation failure observed; detailed cause not inferred),RuntimeError: jit_compile_kernel: compiler failed (exit 256) for kernel: /tmp/default/ttlang_kernel_compute_e2cbfab7.cpp,pytest-report.xml,failure,1,python.test_dfb_reconfiguration,test_reconfiguration_reuses_ids_with_different_capacity_and_cached_execution[dram-two-core-bf16],junit,,,Exact parametrized heading and traceback source/function match JUnit; no classifiable diagnostic was captured in that block
test/python/test_dfb_reconfiguration.py::test_reconfiguration_reuses_ids_with_different_capacity_and_cached_execution[dram-two-core-f32],pytest,JIT RISC-V / DFB reset-reconfiguration,emulator JIT compilation,high (observed diagnostic),/tmp/default/ttlang_kernel_write_c739a801.cpp:73:16: error: invalid instruction mnemonic 'sw',pytest-report.xml,failure,1,python.test_dfb_reconfiguration,test_reconfiguration_reuses_ids_with_different_capacity_and_cached_execution[dram-two-core-f32],junit+exact-pytest-failure-block,pytest.log,58413,Exact parametrized heading and traceback source/function match JUnit
test/python/test_dfb_reconfiguration.py::test_reconfiguration_reuses_ids_with_different_capacity_and_cached_execution[l1-one-core-bf16],pytest,JIT compilation failure (detailed cause unavailable),emulator JIT compilation,high (compilation failure observed; detailed cause not inferred),RuntimeError: jit_compile_kernel: compiler failed (exit 256) for kernel: /tmp/default/ttlang_kernel_compute_e2cbfab7.cpp,pytest-report.xml,failure,1,python.test_dfb_reconfiguration,test_reconfiguration_reuses_ids_with_different_capacity_and_cached_execution[l1-one-core-bf16],junit,,,Exact parametrized heading and traceback source/function match JUnit; no classifiable diagnostic was captured in that block
test/python/test_dfb_reconfiguration.py::test_reconfiguration_reuses_ids_with_different_capacity_and_cached_execution[l1-one-core-f32],pytest,JIT compilation failure (detailed cause unavailable),emulator JIT compilation,high (compilation failure observed; detailed cause not inferred),RuntimeError: jit_compile_kernel: compiler failed (exit 256) for kernel: /tmp/default/ttlang_kernel_compute_e2cbfab7.cpp,pytest-report.xml,failure,1,python.test_dfb_reconfiguration,test_reconfiguration_reuses_ids_with_different_capacity_and_cached_execution[l1-one-core-f32],junit,,,Exact parametrized heading and traceback source/function match JUnit; no classifiable diagnostic was captured in that block
test/python/test_dfb_reconfiguration.py::test_reconfiguration_reuses_ids_with_different_capacity_and_cached_execution[l1-two-core-bf16],pytest,JIT compilation failure (detailed cause unavailable),emulator JIT compilation,high (compilation failure observed; detailed cause not inferred),RuntimeError: jit_compile_kernel: compiler failed (exit 256) for kernel: /tmp/default/ttlang_kernel_compute_e2cbfab7.cpp,pytest-report.xml,failure,1,python.test_dfb_reconfiguration,test_reconfiguration_reuses_ids_with_different_capacity_and_cached_execution[l1-two-core-bf16],junit,,,Exact parametrized heading and traceback source/function match JUnit; no classifiable diagnostic was captured in that block
test/python/test_dfb_reconfiguration.py::test_reconfiguration_reuses_ids_with_different_capacity_and_cached_execution[l1-two-core-f32],pytest,JIT compilation failure (detailed cause unavailable),emulator JIT compilation,high (compilation failure observed; detailed cause not inferred),RuntimeError: jit_compile_kernel: compiler failed (exit 256) for kernel: /tmp/default/ttlang_kernel_compute_e2cbfab7.cpp,pytest-report.xml,failure,1,python.test_dfb_reconfiguration,test_reconfiguration_reuses_ids_with_different_capacity_and_cached_execution[l1-two-core-f32],junit,,,Exact parametrized heading and traceback source/function match JUnit; no classifiable diagnostic was captured in that block
test/python/test_dfb_reconfiguration.py::test_repeated_reconfiguration_reuses_ids_preserves_live_payload_and_restores_initial_epoch[one-core-dram-bf16],pytest,JIT compilation failure (detailed cause unavailable),emulator JIT compilation,high (compilation failure observed; detailed cause not inferred),RuntimeError: jit_compile_kernel: compiler failed (exit 256) for kernel: /tmp/default/ttlang_kernel_compute_85f18664.cpp,pytest-report.xml,failure,1,python.test_dfb_reconfiguration,test_repeated_reconfiguration_reuses_ids_preserves_live_payload_and_restores_initial_epoch[one-core-dram-bf16],junit,,,Exact parametrized heading and traceback source/function match JUnit; no classifiable diagnostic was captured in that block
test/python/test_dfb_reconfiguration.py::test_repeated_reconfiguration_reuses_ids_preserves_live_payload_and_restores_initial_epoch[one-core-dram-f32],pytest,JIT RISC-V / DFB reset-reconfiguration,emulator JIT compilation,high (observed diagnostic),/tmp/default/ttlang_kernel_read_8074fa3e.cpp:61:16: error: invalid instruction mnemonic 'lw',pytest-report.xml,failure,1,python.test_dfb_reconfiguration,test_repeated_reconfiguration_reuses_ids_preserves_live_payload_and_restores_initial_epoch[one-core-dram-f32],junit+exact-pytest-failure-block,pytest.log,65186,Exact parametrized heading and traceback source/function match JUnit
test/python/test_dfb_reconfiguration.py::test_repeated_reconfiguration_reuses_ids_preserves_live_payload_and_restores_initial_epoch[one-core-l1-bf16],pytest,JIT compilation failure (detailed cause unavailable),emulator JIT compilation,high (compilation failure observed; detailed cause not inferred),RuntimeError: jit_compile_kernel: compiler failed (exit 256) for kernel: /tmp/default/ttlang_kernel_compute_85f18664.cpp,pytest-report.xml,failure,1,python.test_dfb_reconfiguration,test_repeated_reconfiguration_reuses_ids_preserves_live_payload_and_restores_initial_epoch[one-core-l1-bf16],junit,,,Exact parametrized heading and traceback source/function match JUnit; no classifiable diagnostic was captured in that block
test/python/test_dfb_reconfiguration.py::test_repeated_reconfiguration_reuses_ids_preserves_live_payload_and_restores_initial_epoch[one-core-l1-f32],pytest,JIT RISC-V / DFB reset-reconfiguration,emulator JIT compilation,high (observed diagnostic),/tmp/default/ttlang_kernel_write_54ca406a.cpp:73:16: error: invalid instruction mnemonic 'sw',pytest-report.xml,failure,1,python.test_dfb_reconfiguration,test_repeated_reconfiguration_reuses_ids_preserves_live_payload_and_restores_initial_epoch[one-core-l1-f32],junit+exact-pytest-failure-block,pytest.log,67689,Exact parametrized heading and traceback source/function match JUnit
test/python/test_dfb_reconfiguration.py::test_repeated_reconfiguration_reuses_ids_preserves_live_payload_and_restores_initial_epoch[two-core-dram-bf16],pytest,JIT compilation failure (detailed cause unavailable),emulator JIT compilation,high (compilation failure observed; detailed cause not inferred),RuntimeError: jit_compile_kernel: compiler failed (exit 256) for kernel: /tmp/default/ttlang_kernel_compute_85f18664.cpp,pytest-report.xml,failure,1,python.test_dfb_reconfiguration,test_repeated_reconfiguration_reuses_ids_preserves_live_payload_and_restores_initial_epoch[two-core-dram-bf16],junit,,,Exact parametrized heading and traceback source/function match JUnit; no classifiable diagnostic was captured in that block
test/python/test_dfb_reconfiguration.py::test_repeated_reconfiguration_reuses_ids_preserves_live_payload_and_restores_initial_epoch[two-core-dram-f32],pytest,JIT compilation failure (detailed cause unavailable),emulator JIT compilation,high (compilation failure observed; detailed cause not inferred),RuntimeError: jit_compile_kernel: compiler failed (exit 256) for kernel: /tmp/default/ttlang_kernel_compute_85f18664.cpp,pytest-report.xml,failure,1,python.test_dfb_reconfiguration,test_repeated_reconfiguration_reuses_ids_preserves_live_payload_and_restores_initial_epoch[two-core-dram-f32],junit,,,Exact parametrized heading and traceback source/function match JUnit; no classifiable diagnostic was captured in that block
test/python/test_dfb_reconfiguration.py::test_repeated_reconfiguration_reuses_ids_preserves_live_payload_and_restores_initial_epoch[two-core-l1-bf16],pytest,JIT compilation failure (detailed cause unavailable),emulator JIT compilation,high (compilation failure observed; detailed cause not inferred),RuntimeError: jit_compile_kernel: compiler failed (exit 256) for kernel: /tmp/default/ttlang_kernel_compute_85f18664.cpp,pytest-report.xml,failure,1,python.test_dfb_reconfiguration,test_repeated_reconfiguration_reuses_ids_preserves_live_payload_and_restores_initial_epoch[two-core-l1-bf16],junit,,,Exact parametrized heading and traceback source/function match JUnit; no classifiable diagnostic was captured in that block
test/python/test_dfb_reconfiguration.py::test_repeated_reconfiguration_reuses_ids_preserves_live_payload_and_restores_initial_epoch[two-core-l1-f32],pytest,JIT compilation failure (detailed cause unavailable),emulator JIT compilation,high (compilation failure observed; detailed cause not inferred),RuntimeError: jit_compile_kernel: compiler failed (exit 256) for kernel: /tmp/default/ttlang_kernel_compute_85f18664.cpp,pytest-report.xml,failure,1,python.test_dfb_reconfiguration,test_repeated_reconfiguration_reuses_ids_preserves_live_payload_and_restores_initial_epoch[two-core-l1-f32],junit,,,Exact parametrized heading and traceback source/function match JUnit; no classifiable diagnostic was captured in that block
test/python/test_dfb_reconfiguration.py::test_live_payload_crosses_reconfiguration_and_cached_execution[dram-bf16],pytest,JIT compilation failure (detailed cause unavailable),emulator JIT compilation,high (compilation failure observed; detailed cause not inferred),RuntimeError: jit_compile_kernel: compiler failed (exit 256) for kernel: /tmp/default/ttlang_kernel_live_payload_compute_429bbfc6.cpp,pytest-report.xml,failure,1,python.test_dfb_reconfiguration,test_live_payload_crosses_reconfiguration_and_cached_execution[dram-bf16],junit,,,Exact parametrized heading and traceback source/function match JUnit; no classifiable diagnostic was captured in that block
test/python/test_dfb_reconfiguration.py::test_live_payload_crosses_reconfiguration_and_cached_execution[dram-f32],pytest,JIT RISC-V / DFB reset-reconfiguration,emulator JIT compilation,high (observed diagnostic),/tmp/default/ttlang_kernel_live_payload_writer_1079a9fc.cpp:73:16: error: invalid instruction mnemonic 'sw',pytest-report.xml,failure,1,python.test_dfb_reconfiguration,test_live_payload_crosses_reconfiguration_and_cached_execution[dram-f32],junit+exact-pytest-failure-block,pytest.log,74687,Exact parametrized heading and traceback source/function match JUnit
test/python/test_dfb_reconfiguration.py::test_live_payload_crosses_reconfiguration_and_cached_execution[l1-bf16],pytest,JIT compilation failure (detailed cause unavailable),emulator JIT compilation,high (compilation failure observed; detailed cause not inferred),RuntimeError: jit_compile_kernel: compiler failed (exit 256) for kernel: /tmp/default/ttlang_kernel_live_payload_compute_429bbfc6.cpp,pytest-report.xml,failure,1,python.test_dfb_reconfiguration,test_live_payload_crosses_reconfiguration_and_cached_execution[l1-bf16],junit,,,Exact parametrized heading and traceback source/function match JUnit; no classifiable diagnostic was captured in that block
test/python/test_dfb_reconfiguration.py::test_live_payload_crosses_reconfiguration_and_cached_execution[l1-f32],pytest,JIT RISC-V / DFB reset-reconfiguration,emulator JIT compilation,high (observed diagnostic),/tmp/default/ttlang_kernel_live_payload_writer_69fa5e4d.cpp:73:16: error: invalid instruction mnemonic 'sw',pytest-report.xml,failure,1,python.test_dfb_reconfiguration,test_live_payload_crosses_reconfiguration_and_cached_execution[l1-f32],junit+exact-pytest-failure-block,pytest.log,76979,Exact parametrized heading and traceback source/function match JUnit
test/python/test_dfb_reconfiguration.py::test_conditional_reconfiguration_executes_with_post_boundary_dfbs[left-dram-bf16],pytest,JIT compilation failure (detailed cause unavailable),emulator JIT compilation,high (compilation failure observed; detailed cause not inferred),RuntimeError: jit_compile_kernel: compiler failed (exit 256) for kernel: /tmp/default/ttlang_kernel_compute_d5f6be87.cpp,pytest-report.xml,failure,1,python.test_dfb_reconfiguration,test_conditional_reconfiguration_executes_with_post_boundary_dfbs[left-dram-bf16],junit,,,Exact parametrized heading and traceback source/function match JUnit; no classifiable diagnostic was captured in that block
test/python/test_dfb_reconfiguration.py::test_conditional_reconfiguration_executes_with_post_boundary_dfbs[left-dram-f32],pytest,JIT RISC-V / DFB reset-reconfiguration,emulator JIT compilation,high (observed diagnostic),/tmp/default/ttlang_kernel_write_70a75aaf.cpp:73:16: error: invalid instruction mnemonic 'sw',pytest-report.xml,failure,1,python.test_dfb_reconfiguration,test_conditional_reconfiguration_executes_with_post_boundary_dfbs[left-dram-f32],junit+exact-pytest-failure-block,pytest.log,79205,Exact parametrized heading and traceback source/function match JUnit
test/python/test_dfb_reconfiguration.py::test_conditional_reconfiguration_executes_with_post_boundary_dfbs[left-l1-bf16],pytest,JIT compilation failure (detailed cause unavailable),emulator JIT compilation,high (compilation failure observed; detailed cause not inferred),RuntimeError: jit_compile_kernel: compiler failed (exit 256) for kernel: /tmp/default/ttlang_kernel_compute_d5f6be87.cpp,pytest-report.xml,failure,1,python.test_dfb_reconfiguration,test_conditional_reconfiguration_executes_with_post_boundary_dfbs[left-l1-bf16],junit,,,Exact parametrized heading and traceback source/function match JUnit; no classifiable diagnostic was captured in that block
test/python/test_dfb_reconfiguration.py::test_conditional_reconfiguration_executes_with_post_boundary_dfbs[left-l1-f32],pytest,JIT RISC-V / DFB reset-reconfiguration,emulator JIT compilation,high (observed diagnostic),/tmp/default/ttlang_kernel_write_bf586874.cpp:73:16: error: invalid instruction mnemonic 'sw',pytest-report.xml,failure,1,python.test_dfb_reconfiguration,test_conditional_reconfiguration_executes_with_post_boundary_dfbs[left-l1-f32],junit+exact-pytest-failure-block,pytest.log,81356,Exact parametrized heading and traceback source/function match JUnit
test/python/test_dfb_reconfiguration.py::test_conditional_reconfiguration_executes_with_post_boundary_dfbs[right-dram-bf16],pytest,JIT compilation failure (detailed cause unavailable),emulator JIT compilation,high (compilation failure observed; detailed cause not inferred),RuntimeError: jit_compile_kernel: compiler failed (exit 256) for kernel: /tmp/default/ttlang_kernel_compute_a2f380cf.cpp,pytest-report.xml,failure,1,python.test_dfb_reconfiguration,test_conditional_reconfiguration_executes_with_post_boundary_dfbs[right-dram-bf16],junit,,,Exact parametrized heading and traceback source/function match JUnit; no classifiable diagnostic was captured in that block
test/python/test_dfb_reconfiguration.py::test_conditional_reconfiguration_executes_with_post_boundary_dfbs[right-dram-f32],pytest,JIT RISC-V / DFB reset-reconfiguration,emulator JIT compilation,high (observed diagnostic),/tmp/default/ttlang_kernel_write_c9b3e94d.cpp:73:16: error: invalid instruction mnemonic 'sw',pytest-report.xml,failure,1,python.test_dfb_reconfiguration,test_conditional_reconfiguration_executes_with_post_boundary_dfbs[right-dram-f32],junit+exact-pytest-failure-block,pytest.log,83510,Exact parametrized heading and traceback source/function match JUnit
test/python/test_dfb_reconfiguration.py::test_conditional_reconfiguration_executes_with_post_boundary_dfbs[right-l1-bf16],pytest,JIT compilation failure (detailed cause unavailable),emulator JIT compilation,high (compilation failure observed; detailed cause not inferred),RuntimeError: jit_compile_kernel: compiler failed (exit 256) for kernel: /tmp/default/ttlang_kernel_compute_a2f380cf.cpp,pytest-report.xml,failure,1,python.test_dfb_reconfiguration,test_conditional_reconfiguration_executes_with_post_boundary_dfbs[right-l1-bf16],junit,,,Exact parametrized heading and traceback source/function match JUnit; no classifiable diagnostic was captured in that block
test/python/test_dfb_reconfiguration.py::test_conditional_reconfiguration_executes_with_post_boundary_dfbs[right-l1-f32],pytest,JIT RISC-V / DFB reset-reconfiguration,emulator JIT compilation,high (observed diagnostic),/tmp/default/ttlang_kernel_write_8c97330a.cpp:73:16: error: invalid instruction mnemonic 'sw',pytest-report.xml,failure,1,python.test_dfb_reconfiguration,test_conditional_reconfiguration_executes_with_post_boundary_dfbs[right-l1-f32],junit+exact-pytest-failure-block,pytest.log,85667,Exact parametrized heading and traceback source/function match JUnit
test/python/test_dfb_reconfiguration.py::test_dispatch_condition_reconfiguration_executes_active_and_inactive[dram-bf16],pytest,JIT compilation failure (detailed cause unavailable),emulator JIT compilation,high (compilation failure observed; detailed cause not inferred),RuntimeError: jit_compile_kernel: compiler failed (exit 256) for kernel: /tmp/default/ttlang_kernel_compute_bdb1876d.cpp,pytest-report.xml,failure,1,python.test_dfb_reconfiguration,test_dispatch_condition_reconfiguration_executes_active_and_inactive[dram-bf16],junit,,,Exact parametrized heading and traceback source/function match JUnit; no classifiable diagnostic was captured in that block
test/python/test_dfb_reconfiguration.py::test_dispatch_condition_reconfiguration_executes_active_and_inactive[dram-f32],pytest,JIT RISC-V / DFB reset-reconfiguration,emulator JIT compilation,high (observed diagnostic),/tmp/default/ttlang_kernel_write_dcddad44.cpp:74:16: error: invalid instruction mnemonic 'sw',pytest-report.xml,failure,1,python.test_dfb_reconfiguration,test_dispatch_condition_reconfiguration_executes_active_and_inactive[dram-f32],junit+exact-pytest-failure-block,pytest.log,87815,Exact parametrized heading and traceback source/function match JUnit
test/python/test_dfb_reconfiguration.py::test_dispatch_condition_reconfiguration_executes_active_and_inactive[l1-bf16],pytest,JIT compilation failure (detailed cause unavailable),emulator JIT compilation,high (compilation failure observed; detailed cause not inferred),RuntimeError: jit_compile_kernel: compiler failed (exit 256) for kernel: /tmp/default/ttlang_kernel_compute_bdb1876d.cpp,pytest-report.xml,failure,1,python.test_dfb_reconfiguration,test_dispatch_condition_reconfiguration_executes_active_and_inactive[l1-bf16],junit,,,Exact parametrized heading and traceback source/function match JUnit; no classifiable diagnostic was captured in that block
test/python/test_dfb_reconfiguration.py::test_dispatch_condition_reconfiguration_executes_active_and_inactive[l1-f32],pytest,JIT RISC-V / DFB reset-reconfiguration,emulator JIT compilation,high (observed diagnostic),/tmp/default/ttlang_kernel_read_b6dc92b8.cpp:62:16: error: invalid instruction mnemonic 'lw',pytest-report.xml,failure,1,python.test_dfb_reconfiguration,test_dispatch_condition_reconfiguration_executes_active_and_inactive[l1-f32],junit+exact-pytest-failure-block,pytest.log,89950,Exact parametrized heading and traceback source/function match JUnit
test/python/test_dfb_reconfiguration.py::test_reconfiguration_executes_with_physical_indices_above_31[dram-bf16],pytest,JIT compilation failure (detailed cause unavailable),emulator JIT compilation,high (compilation failure observed; detailed cause not inferred),RuntimeError: jit_compile_kernel: compiler failed (exit 256) for kernel: /tmp/default/ttlang_kernel_compute_1784deb2.cpp,pytest-report.xml,failure,1,python.test_dfb_reconfiguration,test_reconfiguration_executes_with_physical_indices_above_31[dram-bf16],junit,,,Exact parametrized heading and traceback source/function match JUnit; no classifiable diagnostic was captured in that block
test/python/test_dfb_reconfiguration.py::test_reconfiguration_executes_with_physical_indices_above_31[dram-f32],pytest,JIT RISC-V / DFB reset-reconfiguration,emulator JIT compilation,high (observed diagnostic),/tmp/default/ttlang_kernel_write_f8168005.cpp:73:16: error: invalid instruction mnemonic 'sw',pytest-report.xml,failure,1,python.test_dfb_reconfiguration,test_reconfiguration_executes_with_physical_indices_above_31[dram-f32],junit+exact-pytest-failure-block,pytest.log,92087,Exact parametrized heading and traceback source/function match JUnit
test/python/test_dfb_reconfiguration.py::test_reconfiguration_executes_with_physical_indices_above_31[l1-bf16],pytest,JIT compilation failure (detailed cause unavailable),emulator JIT compilation,high (compilation failure observed; detailed cause not inferred),RuntimeError: jit_compile_kernel: compiler failed (exit 256) for kernel: /tmp/default/ttlang_kernel_compute_1784deb2.cpp,pytest-report.xml,failure,1,python.test_dfb_reconfiguration,test_reconfiguration_executes_with_physical_indices_above_31[l1-bf16],junit,,,Exact parametrized heading and traceback source/function match JUnit; no classifiable diagnostic was captured in that block
test/python/test_dfb_reconfiguration.py::test_reconfiguration_executes_with_physical_indices_above_31[l1-f32],pytest,JIT RISC-V / DFB reset-reconfiguration,emulator JIT compilation,high (observed diagnostic),/tmp/default/ttlang_kernel_write_1470079e.cpp:73:16: error: invalid instruction mnemonic 'sw',pytest-report.xml,failure,1,python.test_dfb_reconfiguration,test_reconfiguration_executes_with_physical_indices_above_31[l1-f32],junit+exact-pytest-failure-block,pytest.log,94226,Exact parametrized heading and traceback source/function match JUnit
test/python/test_dfb_reconfiguration.py::test_reconfiguration_switches_tensor_backed_storage_and_cached_execution[dram-bf16],pytest,JIT compilation failure (detailed cause unavailable),emulator JIT compilation,high (compilation failure observed; detailed cause not inferred),RuntimeError: jit_compile_kernel: compiler failed (exit 256) for kernel: /tmp/default/ttlang_kernel_compute_82e54cae.cpp,pytest-report.xml,failure,1,python.test_dfb_reconfiguration,test_reconfiguration_switches_tensor_backed_storage_and_cached_execution[dram-bf16],junit,,,Exact parametrized heading and traceback source/function match JUnit; no classifiable diagnostic was captured in that block
test/python/test_dfb_reconfiguration.py::test_reconfiguration_switches_tensor_backed_storage_and_cached_execution[dram-f32],pytest,JIT RISC-V / DFB reset-reconfiguration,emulator JIT compilation,high (observed diagnostic),/tmp/default/ttlang_kernel_write_cee80e2f.cpp:73:16: error: invalid instruction mnemonic 'sw',pytest-report.xml,failure,1,python.test_dfb_reconfiguration,test_reconfiguration_switches_tensor_backed_storage_and_cached_execution[dram-f32],junit+exact-pytest-failure-block,pytest.log,96370,Exact parametrized heading and traceback source/function match JUnit
test/python/test_dfb_reconfiguration.py::test_reconfiguration_switches_tensor_backed_storage_and_cached_execution[l1-bf16],pytest,JIT compilation failure (detailed cause unavailable),emulator JIT compilation,high (compilation failure observed; detailed cause not inferred),RuntimeError: jit_compile_kernel: compiler failed (exit 256) for kernel: /tmp/default/ttlang_kernel_compute_82e54cae.cpp,pytest-report.xml,failure,1,python.test_dfb_reconfiguration,test_reconfiguration_switches_tensor_backed_storage_and_cached_execution[l1-bf16],junit,,,Exact parametrized heading and traceback source/function match JUnit; no classifiable diagnostic was captured in that block
test/python/test_dfb_reconfiguration.py::test_reconfiguration_switches_tensor_backed_storage_and_cached_execution[l1-f32],pytest,JIT RISC-V / DFB reset-reconfiguration,emulator JIT compilation,high (observed diagnostic),/tmp/default/ttlang_kernel_write_88b09212.cpp:73:16: error: invalid instruction mnemonic 'sw',pytest-report.xml,failure,1,python.test_dfb_reconfiguration,test_reconfiguration_switches_tensor_backed_storage_and_cached_execution[l1-f32],junit+exact-pytest-failure-block,pytest.log,98521,Exact parametrized heading and traceback source/function match JUnit
test/python/test_dfb_reconfiguration.py::test_reconfiguration_enables_later_tensor_backed_core,pytest,JIT compilation failure (detailed cause unavailable),emulator JIT compilation,high (compilation failure observed; detailed cause not inferred),RuntimeError: jit_compile_kernel: compiler failed (exit 256) for kernel: /tmp/default/ttlang_kernel_compute_3fc8bb8f.cpp,pytest-report.xml,failure,1,python.test_dfb_reconfiguration,test_reconfiguration_enables_later_tensor_backed_core,junit,,,Exact parametrized heading and traceback source/function match JUnit; no classifiable diagnostic was captured in that block
test/python/test_dfb_reconfiguration_discard.py::test_repeated_reconfiguration_discards_opaque_state_before_reuse[dram-bf16],pytest,JIT RISC-V / DFB reset-reconfiguration,emulator JIT compilation,high (observed diagnostic),/tmp/default/ttlang_kernel_read_cf8f30b2.cpp:57:16: error: invalid instruction mnemonic 'lw',pytest-report.xml,failure,1,python.test_dfb_reconfiguration_discard,test_repeated_reconfiguration_discards_opaque_state_before_reuse[dram-bf16],junit+exact-pytest-failure-block,pytest.log,100648,Exact parametrized heading and traceback source/function match JUnit
test/python/test_dfb_reconfiguration_discard.py::test_repeated_reconfiguration_discards_opaque_state_before_reuse[dram-f32],pytest,JIT RISC-V / DFB reset-reconfiguration,emulator JIT compilation,high (observed diagnostic),/tmp/default/ttlang_kernel_write_52d59046.cpp:73:16: error: invalid instruction mnemonic 'sw',pytest-report.xml,failure,1,python.test_dfb_reconfiguration_discard,test_repeated_reconfiguration_discards_opaque_state_before_reuse[dram-f32],junit+exact-pytest-failure-block,pytest.log,101874,Exact parametrized heading and traceback source/function match JUnit
test/python/test_dfb_reconfiguration_discard.py::test_repeated_reconfiguration_discards_opaque_state_before_reuse[l1-bf16],pytest,JIT compilation failure (detailed cause unavailable),emulator JIT compilation,high (compilation failure observed; detailed cause not inferred),RuntimeError: jit_compile_kernel: compiler failed (exit 256) for kernel: /tmp/default/ttlang_kernel_compute_db76f5f3.cpp,pytest-report.xml,failure,1,python.test_dfb_reconfiguration_discard,test_repeated_reconfiguration_discards_opaque_state_before_reuse[l1-bf16],junit,,,Exact parametrized heading and traceback source/function match JUnit; no classifiable diagnostic was captured in that block
test/python/test_dfb_reconfiguration_discard.py::test_repeated_reconfiguration_discards_opaque_state_before_reuse[l1-f32],pytest,JIT compilation failure (detailed cause unavailable),emulator JIT compilation,high (compilation failure observed; detailed cause not inferred),RuntimeError: jit_compile_kernel: compiler failed (exit 256) for kernel: /tmp/default/ttlang_kernel_compute_db76f5f3.cpp,pytest-report.xml,failure,1,python.test_dfb_reconfiguration_discard,test_repeated_reconfiguration_discards_opaque_state_before_reuse[l1-f32],junit,,,Exact parametrized heading and traceback source/function match JUnit; no classifiable diagnostic was captured in that block
test/python/test_dfb_reconfiguration_discard.py::test_reconfiguration_discards_wait_state_before_reuse[dram-bf16],pytest,JIT RISC-V / DFB reset-reconfiguration,emulator JIT compilation,high (observed diagnostic),/tmp/default/ttlang_kernel_write_7540733f.cpp:73:16: error: invalid instruction mnemonic 'sw',pytest-report.xml,failure,1,python.test_dfb_reconfiguration_discard,test_reconfiguration_discards_wait_state_before_reuse[dram-bf16],junit+exact-pytest-failure-block,pytest.log,105111,Exact parametrized heading and traceback source/function match JUnit
test/python/test_dfb_reconfiguration_discard.py::test_reconfiguration_discards_wait_state_before_reuse[dram-f32],pytest,JIT RISC-V / DFB reset-reconfiguration,emulator JIT compilation,high (observed diagnostic),/tmp/default/ttlang_kernel_write_5483c55d.cpp:73:16: error: invalid instruction mnemonic 'sw',pytest-report.xml,failure,1,python.test_dfb_reconfiguration_discard,test_reconfiguration_discards_wait_state_before_reuse[dram-f32],junit+exact-pytest-failure-block,pytest.log,106322,Exact parametrized heading and traceback source/function match JUnit
test/python/test_dfb_reconfiguration_discard.py::test_reconfiguration_discards_wait_state_before_reuse[l1-bf16],pytest,JIT compilation failure (detailed cause unavailable),emulator JIT compilation,high (compilation failure observed; detailed cause not inferred),RuntimeError: jit_compile_kernel: compiler failed (exit 256) for kernel: /tmp/default/ttlang_kernel_compute_e96fe2d7.cpp,pytest-report.xml,failure,1,python.test_dfb_reconfiguration_discard,test_reconfiguration_discards_wait_state_before_reuse[l1-bf16],junit,,,Exact parametrized heading and traceback source/function match JUnit; no classifiable diagnostic was captured in that block
test/python/test_dfb_reconfiguration_discard.py::test_reconfiguration_discards_wait_state_before_reuse[l1-f32],pytest,JIT RISC-V / DFB reset-reconfiguration,emulator JIT compilation,high (observed diagnostic),/tmp/default/ttlang_kernel_write_599da864.cpp:73:16: error: invalid instruction mnemonic 'sw',pytest-report.xml,failure,1,python.test_dfb_reconfiguration_discard,test_reconfiguration_discards_wait_state_before_reuse[l1-f32],junit+exact-pytest-failure-block,pytest.log,108432,Exact parametrized heading and traceback source/function match JUnit
test/python/test_external_descriptor_reset.py::test_external_descriptor_survives_specialization_and_synchronized_reset[dram-bf16],pytest,JIT RISC-V / DFB reset-reconfiguration,emulator JIT compilation,high (observed diagnostic),/tmp/default/ttlang_kernel_compute_c1_0_6d5ebac3.cpp:66:16: error: invalid instruction mnemonic 'sw',pytest-report.xml,failure,1,python.test_external_descriptor_reset,test_external_descriptor_survives_specialization_and_synchronized_reset[dram-bf16],junit+exact-pytest-failure-block,pytest.log,109465,Exact parametrized heading and traceback source/function match JUnit
test/python/test_external_descriptor_reset.py::test_external_descriptor_survives_specialization_and_synchronized_reset[dram-f32],pytest,JIT RISC-V / DFB reset-reconfiguration,emulator JIT compilation,high (observed diagnostic),/tmp/default/ttlang_kernel_compute_c1_0_6d5ebac3.cpp:66:16: error: invalid instruction mnemonic 'sw',pytest-report.xml,failure,1,python.test_external_descriptor_reset,test_external_descriptor_survives_specialization_and_synchronized_reset[dram-f32],junit+exact-pytest-failure-block,pytest.log,110643,Exact parametrized heading and traceback source/function match JUnit
test/python/test_external_descriptor_reset.py::test_external_descriptor_survives_specialization_and_synchronized_reset[l1-bf16],pytest,JIT compilation failure (detailed cause unavailable),emulator JIT compilation,high (compilation failure observed; detailed cause not inferred),RuntimeError: jit_compile_kernel: compiler failed (exit 256) for kernel: /tmp/default/ttlang_kernel_compute_c1_0_6d5ebac3.cpp,pytest-report.xml,failure,1,python.test_external_descriptor_reset,test_external_descriptor_survives_specialization_and_synchronized_reset[l1-bf16],junit,,,Exact parametrized heading and traceback source/function match JUnit; no classifiable diagnostic was captured in that block
test/python/test_external_descriptor_reset.py::test_external_descriptor_survives_specialization_and_synchronized_reset[l1-f32],pytest,JIT compilation failure (detailed cause unavailable),emulator JIT compilation,high (compilation failure observed; detailed cause not inferred),RuntimeError: jit_compile_kernel: compiler failed (exit 256) for kernel: /tmp/default/ttlang_kernel_compute_c1_0_6d5ebac3.cpp,pytest-report.xml,failure,1,python.test_external_descriptor_reset,test_external_descriptor_survives_specialization_and_synchronized_reset[l1-f32],junit,,,Exact parametrized heading and traceback source/function match JUnit; no classifiable diagnostic was captured in that block
test/python/test_external_dfb_reuse.py::test_external_protocol_state_reset_drains_compute_interfaces[dram-bf16],pytest,JIT RISC-V / DFB reset-reconfiguration,emulator JIT compilation,high (observed diagnostic),/tmp/default/ttlang_kernel_write_1892041e.cpp:68:16: error: invalid instruction mnemonic 'sw',pytest-report.xml,failure,1,python.test_external_dfb_reuse,test_external_protocol_state_reset_drains_compute_interfaces[dram-bf16],junit+exact-pytest-failure-block,pytest.log,113570,Exact parametrized heading and traceback source/function match JUnit
test/python/test_external_dfb_reuse.py::test_external_protocol_state_reset_drains_compute_interfaces[dram-f32],pytest,JIT RISC-V / DFB reset-reconfiguration,emulator JIT compilation,high (observed diagnostic),/tmp/default/ttlang_kernel_write_1e9e338a.cpp:68:16: error: invalid instruction mnemonic 'sw',pytest-report.xml,failure,1,python.test_external_dfb_reuse,test_external_protocol_state_reset_drains_compute_interfaces[dram-f32],junit+exact-pytest-failure-block,pytest.log,114727,Exact parametrized heading and traceback source/function match JUnit
test/python/test_external_dfb_reuse.py::test_external_protocol_state_reset_drains_compute_interfaces[l1-bf16],pytest,JIT compilation failure (detailed cause unavailable),emulator JIT compilation,high (compilation failure observed; detailed cause not inferred),RuntimeError: jit_compile_kernel: compiler failed (exit 256) for kernel: /tmp/default/ttlang_kernel_compute_03dfc233.cpp,pytest-report.xml,failure,1,python.test_external_dfb_reuse,test_external_protocol_state_reset_drains_compute_interfaces[l1-bf16],junit,,,Exact parametrized heading and traceback source/function match JUnit; no classifiable diagnostic was captured in that block
test/python/test_external_dfb_reuse.py::test_external_protocol_state_reset_drains_compute_interfaces[l1-f32],pytest,JIT compilation failure (detailed cause unavailable),emulator JIT compilation,high (compilation failure observed; detailed cause not inferred),RuntimeError: jit_compile_kernel: compiler failed (exit 256) for kernel: /tmp/default/ttlang_kernel_compute_f2f52a63.cpp,pytest-report.xml,failure,1,python.test_external_dfb_reuse,test_external_protocol_state_reset_drains_compute_interfaces[l1-f32],junit,,,Exact parametrized heading and traceback source/function match JUnit; no classifiable diagnostic was captured in that block
test/python/test_external_dfb_reuse.py::test_external_protocol_state_reset_allows_group_reuse[dram-bf16],pytest,JIT compilation failure (detailed cause unavailable),emulator JIT compilation,high (compilation failure observed; detailed cause not inferred),RuntimeError: jit_compile_kernel: compiler failed (exit 256) for kernel: /tmp/default/ttlang_kernel_compute_03dfc233.cpp,pytest-report.xml,failure,1,python.test_external_dfb_reuse,test_external_protocol_state_reset_allows_group_reuse[dram-bf16],junit,,,Exact parametrized heading and traceback source/function match JUnit; no classifiable diagnostic was captured in that block
test/python/test_external_dfb_reuse.py::test_external_protocol_state_reset_allows_group_reuse[dram-f32],pytest,JIT compilation failure (detailed cause unavailable),emulator JIT compilation,high (compilation failure observed; detailed cause not inferred),RuntimeError: jit_compile_kernel: compiler failed (exit 256) for kernel: /tmp/default/ttlang_kernel_compute_f2f52a63.cpp,pytest-report.xml,failure,1,python.test_external_dfb_reuse,test_external_protocol_state_reset_allows_group_reuse[dram-f32],junit,,,Exact parametrized heading and traceback source/function match JUnit; no classifiable diagnostic was captured in that block
test/python/test_external_dfb_reuse.py::test_external_protocol_state_reset_allows_group_reuse[l1-bf16],pytest,JIT compilation failure (detailed cause unavailable),emulator JIT compilation,high (compilation failure observed; detailed cause not inferred),RuntimeError: jit_compile_kernel: compiler failed (exit 256) for kernel: /tmp/default/ttlang_kernel_compute_03dfc233.cpp,pytest-report.xml,failure,1,python.test_external_dfb_reuse,test_external_protocol_state_reset_allows_group_reuse[l1-bf16],junit,,,Exact parametrized heading and traceback source/function match JUnit; no classifiable diagnostic was captured in that block
test/python/test_external_dfb_reuse.py::test_external_protocol_state_reset_allows_group_reuse[l1-f32],pytest,JIT compilation failure (detailed cause unavailable),emulator JIT compilation,high (compilation failure observed; detailed cause not inferred),RuntimeError: jit_compile_kernel: compiler failed (exit 256) for kernel: /tmp/default/ttlang_kernel_compute_f2f52a63.cpp,pytest-report.xml,failure,1,python.test_external_dfb_reuse,test_external_protocol_state_reset_allows_group_reuse[l1-f32],junit,,,Exact parametrized heading and traceback source/function match JUnit; no classifiable diagnostic was captured in that block
test/python/test_rmsnorm.py::test_rmsnorm[dram-none-512],pytest,Missing rsqrt header,emulator JIT compilation,high (observed diagnostic),/tmp/default/ttlang_kernel_compute_8c31a10c.cpp:30:10: fatal error: 'ckernel_sfpu_rsqrt.h' file not found,pytest-report.xml,failure,1,python.test_rmsnorm,test_rmsnorm[dram-none-512],junit+exact-pytest-failure-block,pytest.log,120716,Exact parametrized heading and traceback source/function match JUnit
test/python/test_rmsnorm.py::test_rmsnorm[dram-none-1536],pytest,Missing rsqrt header,emulator JIT compilation,high (observed diagnostic),/tmp/default/ttlang_kernel_compute_86000aee.cpp:30:10: fatal error: 'ckernel_sfpu_rsqrt.h' file not found,pytest-report.xml,failure,1,python.test_rmsnorm,test_rmsnorm[dram-none-1536],junit+exact-pytest-failure-block,pytest.log,121213,Exact parametrized heading and traceback source/function match JUnit
test/python/test_rmsnorm.py::test_rmsnorm[dram-none-7168],pytest,Missing rsqrt header,emulator JIT compilation,high (observed diagnostic),/tmp/default/ttlang_kernel_compute_9b9b31b4.cpp:30:10: fatal error: 'ckernel_sfpu_rsqrt.h' file not found,pytest-report.xml,failure,1,python.test_rmsnorm,test_rmsnorm[dram-none-7168],junit+exact-pytest-failure-block,pytest.log,121737,Exact parametrized heading and traceback source/function match JUnit
test/python/test_rmsnorm.py::test_rmsnorm[dram-full-512],pytest,Missing rsqrt header,emulator JIT compilation,high (observed diagnostic),/tmp/default/ttlang_kernel_compute_ee0a2596.cpp:30:10: fatal error: 'ckernel_sfpu_rsqrt.h' file not found,pytest-report.xml,failure,1,python.test_rmsnorm,test_rmsnorm[dram-full-512],junit+exact-pytest-failure-block,pytest.log,122261,Exact parametrized heading and traceback source/function match JUnit
test/python/test_rmsnorm.py::test_rmsnorm[dram-full-1536],pytest,Missing rsqrt header,emulator JIT compilation,high (observed diagnostic),/tmp/default/ttlang_kernel_compute_4b587d60.cpp:30:10: fatal error: 'ckernel_sfpu_rsqrt.h' file not found,pytest-report.xml,failure,1,python.test_rmsnorm,test_rmsnorm[dram-full-1536],junit+exact-pytest-failure-block,pytest.log,122770,Exact parametrized heading and traceback source/function match JUnit
test/python/test_rmsnorm.py::test_rmsnorm[dram-full-7168],pytest,Missing rsqrt header,emulator JIT compilation,high (observed diagnostic),/tmp/default/ttlang_kernel_compute_d498d020.cpp:30:10: fatal error: 'ckernel_sfpu_rsqrt.h' file not found,pytest-report.xml,failure,1,python.test_rmsnorm,test_rmsnorm[dram-full-7168],junit+exact-pytest-failure-block,pytest.log,123316,Exact parametrized heading and traceback source/function match JUnit
test/python/test_rmsnorm.py::test_rmsnorm[l1-none-512],pytest,JIT compilation failure (detailed cause unavailable),emulator JIT compilation,high (compilation failure observed; detailed cause not inferred),RuntimeError: jit_compile_kernel: compiler failed (exit 256) for kernel: /tmp/default/ttlang_kernel_compute_8c31a10c.cpp,pytest-report.xml,failure,1,python.test_rmsnorm,test_rmsnorm[l1-none-512],junit,,,Exact parametrized heading and traceback source/function match JUnit; no classifiable diagnostic was captured in that block
test/python/test_rmsnorm.py::test_rmsnorm[l1-none-1536],pytest,JIT compilation failure (detailed cause unavailable),emulator JIT compilation,high (compilation failure observed; detailed cause not inferred),RuntimeError: jit_compile_kernel: compiler failed (exit 256) for kernel: /tmp/default/ttlang_kernel_compute_86000aee.cpp,pytest-report.xml,failure,1,python.test_rmsnorm,test_rmsnorm[l1-none-1536],junit,,,Exact parametrized heading and traceback source/function match JUnit; no classifiable diagnostic was captured in that block
test/python/test_rmsnorm.py::test_rmsnorm[l1-none-7168],pytest,JIT compilation failure (detailed cause unavailable),emulator JIT compilation,high (compilation failure observed; detailed cause not inferred),RuntimeError: jit_compile_kernel: compiler failed (exit 256) for kernel: /tmp/default/ttlang_kernel_compute_9b9b31b4.cpp,pytest-report.xml,failure,1,python.test_rmsnorm,test_rmsnorm[l1-none-7168],junit,,,Exact parametrized heading and traceback source/function match JUnit; no classifiable diagnostic was captured in that block
test/python/test_rmsnorm.py::test_rmsnorm[l1-full-512],pytest,JIT compilation failure (detailed cause unavailable),emulator JIT compilation,high (compilation failure observed; detailed cause not inferred),RuntimeError: jit_compile_kernel: compiler failed (exit 256) for kernel: /tmp/default/ttlang_kernel_compute_ee0a2596.cpp,pytest-report.xml,failure,1,python.test_rmsnorm,test_rmsnorm[l1-full-512],junit,,,Exact parametrized heading and traceback source/function match JUnit; no classifiable diagnostic was captured in that block
test/python/test_rmsnorm.py::test_rmsnorm[l1-full-1536],pytest,JIT compilation failure (detailed cause unavailable),emulator JIT compilation,high (compilation failure observed; detailed cause not inferred),RuntimeError: jit_compile_kernel: compiler failed (exit 256) for kernel: /tmp/default/ttlang_kernel_compute_4b587d60.cpp,pytest-report.xml,failure,1,python.test_rmsnorm,test_rmsnorm[l1-full-1536],junit,,,Exact parametrized heading and traceback source/function match JUnit; no classifiable diagnostic was captured in that block
test/python/test_rmsnorm.py::test_rmsnorm[l1-full-7168],pytest,JIT compilation failure (detailed cause unavailable),emulator JIT compilation,high (compilation failure observed; detailed cause not inferred),RuntimeError: jit_compile_kernel: compiler failed (exit 256) for kernel: /tmp/default/ttlang_kernel_compute_d498d020.cpp,pytest-report.xml,failure,1,python.test_rmsnorm,test_rmsnorm[l1-full-7168],junit,,,Exact parametrized heading and traceback source/function match JUnit; no classifiable diagnostic was captured in that block
test/python/test_rmsnorm.py::test_rmsnorm_kernel_config[dram-bf16-half],pytest,Missing rsqrt header,emulator JIT compilation,high (observed diagnostic),/tmp/default/ttlang_kernel_compute_8ff1faa5.cpp:30:10: fatal error: 'ckernel_sfpu_rsqrt.h' file not found,pytest-report.xml,failure,1,python.test_rmsnorm,test_rmsnorm_kernel_config[dram-bf16-half],junit+exact-pytest-failure-block,pytest.log,126930,Exact parametrized heading and traceback source/function match JUnit
test/python/test_rmsnorm.py::test_rmsnorm_kernel_config[dram-fp32-half],pytest,Missing rsqrt header,emulator JIT compilation,high (observed diagnostic),/tmp/default/ttlang_kernel_compute_8ff1faa5.cpp:30:10: fatal error: 'ckernel_sfpu_rsqrt.h' file not found,pytest-report.xml,failure,1,python.test_rmsnorm,test_rmsnorm_kernel_config[dram-fp32-half],junit+exact-pytest-failure-block,pytest.log,127454,Exact parametrized heading and traceback source/function match JUnit
test/python/test_rmsnorm.py::test_rmsnorm_kernel_config[dram-bf16-full],pytest,Missing rsqrt header,emulator JIT compilation,high (observed diagnostic),/tmp/default/ttlang_kernel_compute_8ff1faa5.cpp:30:10: fatal error: 'ckernel_sfpu_rsqrt.h' file not found,pytest-report.xml,failure,1,python.test_rmsnorm,test_rmsnorm_kernel_config[dram-bf16-full],junit+exact-pytest-failure-block,pytest.log,127978,Exact parametrized heading and traceback source/function match JUnit
test/python/test_rmsnorm.py::test_rmsnorm_kernel_config[dram-fp32-full],pytest,Missing rsqrt header,emulator JIT compilation,high (observed diagnostic),/tmp/default/ttlang_kernel_compute_8ff1faa5.cpp:30:10: fatal error: 'ckernel_sfpu_rsqrt.h' file not found,pytest-report.xml,failure,1,python.test_rmsnorm,test_rmsnorm_kernel_config[dram-fp32-full],junit+exact-pytest-failure-block,pytest.log,128502,Exact parametrized heading and traceback source/function match JUnit
test/python/test_rmsnorm.py::test_rmsnorm_kernel_config[l1-bf16-half],pytest,JIT compilation failure (detailed cause unavailable),emulator JIT compilation,high (compilation failure observed; detailed cause not inferred),RuntimeError: jit_compile_kernel: compiler failed (exit 256) for kernel: /tmp/default/ttlang_kernel_compute_8ff1faa5.cpp,pytest-report.xml,failure,1,python.test_rmsnorm,test_rmsnorm_kernel_config[l1-bf16-half],junit,,,Exact parametrized heading and traceback source/function match JUnit; no classifiable diagnostic was captured in that block
test/python/test_rmsnorm.py::test_rmsnorm_kernel_config[l1-fp32-half],pytest,JIT compilation failure (detailed cause unavailable),emulator JIT compilation,high (compilation failure observed; detailed cause not inferred),RuntimeError: jit_compile_kernel: compiler failed (exit 256) for kernel: /tmp/default/ttlang_kernel_compute_8ff1faa5.cpp,pytest-report.xml,failure,1,python.test_rmsnorm,test_rmsnorm_kernel_config[l1-fp32-half],junit,,,Exact parametrized heading and traceback source/function match JUnit; no classifiable diagnostic was captured in that block
test/python/test_rmsnorm.py::test_rmsnorm_kernel_config[l1-bf16-full],pytest,JIT compilation failure (detailed cause unavailable),emulator JIT compilation,high (compilation failure observed; detailed cause not inferred),RuntimeError: jit_compile_kernel: compiler failed (exit 256) for kernel: /tmp/default/ttlang_kernel_compute_8ff1faa5.cpp,pytest-report.xml,failure,1,python.test_rmsnorm,test_rmsnorm_kernel_config[l1-bf16-full],junit,,,Exact parametrized heading and traceback source/function match JUnit; no classifiable diagnostic was captured in that block
test/python/test_rmsnorm.py::test_rmsnorm_kernel_config[l1-fp32-full],pytest,JIT compilation failure (detailed cause unavailable),emulator JIT compilation,high (compilation failure observed; detailed cause not inferred),RuntimeError: jit_compile_kernel: compiler failed (exit 256) for kernel: /tmp/default/ttlang_kernel_compute_8ff1faa5.cpp,pytest-report.xml,failure,1,python.test_rmsnorm,test_rmsnorm_kernel_config[l1-fp32-full],junit,,,Exact parametrized heading and traceback source/function match JUnit; no classifiable diagnostic was captured in that block
test/python/test_rmsnorm.py::test_rmsnorm_five_tile_fp32_dest[dram],pytest,Missing rsqrt header,emulator JIT compilation,high (observed diagnostic),/tmp/default/ttlang_kernel_compute_932cc7cd.cpp:30:10: fatal error: 'ckernel_sfpu_rsqrt.h' file not found,pytest-report.xml,failure,1,python.test_rmsnorm,test_rmsnorm_five_tile_fp32_dest[dram],junit+exact-pytest-failure-block,pytest.log,131070,Exact parametrized heading and traceback source/function match JUnit
test/python/test_rmsnorm.py::test_rmsnorm_five_tile_fp32_dest[l1],pytest,JIT compilation failure (detailed cause unavailable),emulator JIT compilation,high (compilation failure observed; detailed cause not inferred),RuntimeError: jit_compile_kernel: compiler failed (exit 256) for kernel: /tmp/default/ttlang_kernel_compute_932cc7cd.cpp,pytest-report.xml,failure,1,python.test_rmsnorm,test_rmsnorm_five_tile_fp32_dest[l1],junit,,,Exact parametrized heading and traceback source/function match JUnit; no classifiable diagnostic was captured in that block
test/python/test_rmsnorm.py::test_rmsnorm_matches_materialized[dram],pytest,JIT compilation failure (detailed cause unavailable),emulator JIT compilation,high (compilation failure observed; detailed cause not inferred),RuntimeError: jit_compile_kernel: compiler failed (exit 256) for kernel: /tmp/default/ttlang_kernel_compute_86000aee.cpp,pytest-report.xml,failure,1,python.test_rmsnorm,test_rmsnorm_matches_materialized[dram],junit,,,Exact parametrized heading and traceback source/function match JUnit; no classifiable diagnostic was captured in that block
test/python/test_rmsnorm.py::test_rmsnorm_matches_materialized[l1],pytest,JIT compilation failure (detailed cause unavailable),emulator JIT compilation,high (compilation failure observed; detailed cause not inferred),RuntimeError: jit_compile_kernel: compiler failed (exit 256) for kernel: /tmp/default/ttlang_kernel_compute_86000aee.cpp,pytest-report.xml,failure,1,python.test_rmsnorm,test_rmsnorm_matches_materialized[l1],junit,,,Exact parametrized heading and traceback source/function match JUnit; no classifiable diagnostic was captured in that block
test/python/test_user_dfb_reuse.py::test_synchronized_reset_terminates_producer_epoch[dram-one-core-selected-bf16],pytest,JIT RISC-V / DFB reset-reconfiguration,emulator JIT compilation,high (observed diagnostic),/tmp/default/ttlang_kernel_write_fbee8f8c.cpp:68:16: error: invalid instruction mnemonic 'sw',pytest-report.xml,failure,1,python.test_user_dfb_reuse,test_synchronized_reset_terminates_producer_epoch[dram-one-core-selected-bf16],junit+exact-pytest-failure-block,pytest.log,132640,Exact parametrized heading and traceback source/function match JUnit
test/python/test_user_dfb_reuse.py::test_synchronized_reset_terminates_producer_epoch[dram-one-core-selected-f32],pytest,JIT RISC-V / DFB reset-reconfiguration,emulator JIT compilation,high (observed diagnostic),/tmp/default/ttlang_kernel_write_eb5c0ae3.cpp:68:16: error: invalid instruction mnemonic 'sw',pytest-report.xml,failure,1,python.test_user_dfb_reuse,test_synchronized_reset_terminates_producer_epoch[dram-one-core-selected-f32],junit+exact-pytest-failure-block,pytest.log,133795,Exact parametrized heading and traceback source/function match JUnit
test/python/test_user_dfb_reuse.py::test_synchronized_reset_terminates_producer_epoch[dram-one-core-all-bf16],pytest,JIT RISC-V / DFB reset-reconfiguration,emulator JIT compilation,high (observed diagnostic),/tmp/default/ttlang_kernel_write_da9d0359.cpp:68:16: error: invalid instruction mnemonic 'sw',pytest-report.xml,failure,1,python.test_user_dfb_reuse,test_synchronized_reset_terminates_producer_epoch[dram-one-core-all-bf16],junit+exact-pytest-failure-block,pytest.log,134950,Exact parametrized heading and traceback source/function match JUnit
test/python/test_user_dfb_reuse.py::test_synchronized_reset_terminates_producer_epoch[dram-one-core-all-f32],pytest,JIT RISC-V / DFB reset-reconfiguration,emulator JIT compilation,high (observed diagnostic),/tmp/default/ttlang_kernel_write_5e81539d.cpp:68:16: error: invalid instruction mnemonic 'sw',pytest-report.xml,failure,1,python.test_user_dfb_reuse,test_synchronized_reset_terminates_producer_epoch[dram-one-core-all-f32],junit+exact-pytest-failure-block,pytest.log,136108,Exact parametrized heading and traceback source/function match JUnit
test/python/test_user_dfb_reuse.py::test_synchronized_reset_terminates_producer_epoch[dram-two-core-selected-bf16],pytest,JIT compilation failure (detailed cause unavailable),emulator JIT compilation,high (compilation failure observed; detailed cause not inferred),RuntimeError: jit_compile_kernel: compiler failed (exit 256) for kernel: /tmp/default/ttlang_kernel_compute_5a92990f.cpp,pytest-report.xml,failure,1,python.test_user_dfb_reuse,test_synchronized_reset_terminates_producer_epoch[dram-two-core-selected-bf16],junit,,,Exact parametrized heading and traceback source/function match JUnit; no classifiable diagnostic was captured in that block
test/python/test_user_dfb_reuse.py::test_synchronized_reset_terminates_producer_epoch[dram-two-core-selected-f32],pytest,JIT compilation failure (detailed cause unavailable),emulator JIT compilation,high (compilation failure observed; detailed cause not inferred),RuntimeError: jit_compile_kernel: compiler failed (exit 256) for kernel: /tmp/default/ttlang_kernel_compute_5a92990f.cpp,pytest-report.xml,failure,1,python.test_user_dfb_reuse,test_synchronized_reset_terminates_producer_epoch[dram-two-core-selected-f32],junit,,,Exact parametrized heading and traceback source/function match JUnit; no classifiable diagnostic was captured in that block
test/python/test_user_dfb_reuse.py::test_synchronized_reset_terminates_producer_epoch[dram-two-core-all-bf16],pytest,JIT compilation failure (detailed cause unavailable),emulator JIT compilation,high (compilation failure observed; detailed cause not inferred),RuntimeError: jit_compile_kernel: compiler failed (exit 256) for kernel: /tmp/default/ttlang_kernel_compute_9b69f69c.cpp,pytest-report.xml,failure,1,python.test_user_dfb_reuse,test_synchronized_reset_terminates_producer_epoch[dram-two-core-all-bf16],junit,,,Exact parametrized heading and traceback source/function match JUnit; no classifiable diagnostic was captured in that block
test/python/test_user_dfb_reuse.py::test_synchronized_reset_terminates_producer_epoch[dram-two-core-all-f32],pytest,JIT compilation failure (detailed cause unavailable),emulator JIT compilation,high (compilation failure observed; detailed cause not inferred),RuntimeError: jit_compile_kernel: compiler failed (exit 256) for kernel: /tmp/default/ttlang_kernel_compute_9b69f69c.cpp,pytest-report.xml,failure,1,python.test_user_dfb_reuse,test_synchronized_reset_terminates_producer_epoch[dram-two-core-all-f32],junit,,,Exact parametrized heading and traceback source/function match JUnit; no classifiable diagnostic was captured in that block
test/python/test_user_dfb_reuse.py::test_synchronized_reset_terminates_producer_epoch[l1-one-core-selected-bf16],pytest,JIT compilation failure (detailed cause unavailable),emulator JIT compilation,high (compilation failure observed; detailed cause not inferred),RuntimeError: jit_compile_kernel: compiler failed (exit 256) for kernel: /tmp/default/ttlang_kernel_compute_5a92990f.cpp,pytest-report.xml,failure,1,python.test_user_dfb_reuse,test_synchronized_reset_terminates_producer_epoch[l1-one-core-selected-bf16],junit,,,Exact parametrized heading and traceback source/function match JUnit; no classifiable diagnostic was captured in that block
test/python/test_user_dfb_reuse.py::test_synchronized_reset_terminates_producer_epoch[l1-one-core-selected-f32],pytest,JIT compilation failure (detailed cause unavailable),emulator JIT compilation,high (compilation failure observed; detailed cause not inferred),RuntimeError: jit_compile_kernel: compiler failed (exit 256) for kernel: /tmp/default/ttlang_kernel_compute_5a92990f.cpp,pytest-report.xml,failure,1,python.test_user_dfb_reuse,test_synchronized_reset_terminates_producer_epoch[l1-one-core-selected-f32],junit,,,Exact parametrized heading and traceback source/function match JUnit; no classifiable diagnostic was captured in that block
test/python/test_user_dfb_reuse.py::test_synchronized_reset_terminates_producer_epoch[l1-one-core-all-bf16],pytest,JIT compilation failure (detailed cause unavailable),emulator JIT compilation,high (compilation failure observed; detailed cause not inferred),RuntimeError: jit_compile_kernel: compiler failed (exit 256) for kernel: /tmp/default/ttlang_kernel_compute_9b69f69c.cpp,pytest-report.xml,failure,1,python.test_user_dfb_reuse,test_synchronized_reset_terminates_producer_epoch[l1-one-core-all-bf16],junit,,,Exact parametrized heading and traceback source/function match JUnit; no classifiable diagnostic was captured in that block
test/python/test_user_dfb_reuse.py::test_synchronized_reset_terminates_producer_epoch[l1-one-core-all-f32],pytest,JIT compilation failure (detailed cause unavailable),emulator JIT compilation,high (compilation failure observed; detailed cause not inferred),RuntimeError: jit_compile_kernel: compiler failed (exit 256) for kernel: /tmp/default/ttlang_kernel_compute_9b69f69c.cpp,pytest-report.xml,failure,1,python.test_user_dfb_reuse,test_synchronized_reset_terminates_producer_epoch[l1-one-core-all-f32],junit,,,Exact parametrized heading and traceback source/function match JUnit; no classifiable diagnostic was captured in that block
test/python/test_user_dfb_reuse.py::test_synchronized_reset_terminates_producer_epoch[l1-two-core-selected-bf16],pytest,JIT compilation failure (detailed cause unavailable),emulator JIT compilation,high (compilation failure observed; detailed cause not inferred),RuntimeError: jit_compile_kernel: compiler failed (exit 256) for kernel: /tmp/default/ttlang_kernel_compute_5a92990f.cpp,pytest-report.xml,failure,1,python.test_user_dfb_reuse,test_synchronized_reset_terminates_producer_epoch[l1-two-core-selected-bf16],junit,,,Exact parametrized heading and traceback source/function match JUnit; no classifiable diagnostic was captured in that block
test/python/test_user_dfb_reuse.py::test_synchronized_reset_terminates_producer_epoch[l1-two-core-selected-f32],pytest,JIT compilation failure (detailed cause unavailable),emulator JIT compilation,high (compilation failure observed; detailed cause not inferred),RuntimeError: jit_compile_kernel: compiler failed (exit 256) for kernel: /tmp/default/ttlang_kernel_compute_5a92990f.cpp,pytest-report.xml,failure,1,python.test_user_dfb_reuse,test_synchronized_reset_terminates_producer_epoch[l1-two-core-selected-f32],junit,,,Exact parametrized heading and traceback source/function match JUnit; no classifiable diagnostic was captured in that block
test/python/test_user_dfb_reuse.py::test_synchronized_reset_terminates_producer_epoch[l1-two-core-all-bf16],pytest,JIT compilation failure (detailed cause unavailable),emulator JIT compilation,high (compilation failure observed; detailed cause not inferred),RuntimeError: jit_compile_kernel: compiler failed (exit 256) for kernel: /tmp/default/ttlang_kernel_compute_9b69f69c.cpp,pytest-report.xml,failure,1,python.test_user_dfb_reuse,test_synchronized_reset_terminates_producer_epoch[l1-two-core-all-bf16],junit,,,Exact parametrized heading and traceback source/function match JUnit; no classifiable diagnostic was captured in that block
test/python/test_user_dfb_reuse.py::test_synchronized_reset_terminates_producer_epoch[l1-two-core-all-f32],pytest,JIT compilation failure (detailed cause unavailable),emulator JIT compilation,high (compilation failure observed; detailed cause not inferred),RuntimeError: jit_compile_kernel: compiler failed (exit 256) for kernel: /tmp/default/ttlang_kernel_compute_9b69f69c.cpp,pytest-report.xml,failure,1,python.test_user_dfb_reuse,test_synchronized_reset_terminates_producer_epoch[l1-two-core-all-f32],junit,,,Exact parametrized heading and traceback source/function match JUnit; no classifiable diagnostic was captured in that block
test/python/test_user_dfb_reuse.py::test_repeated_synchronized_reset_run[dram-selected-bf16],pytest,JIT RISC-V / DFB reset-reconfiguration,emulator JIT compilation,high (observed diagnostic),/tmp/default/ttlang_kernel_read_195fdae2.cpp:57:16: error: invalid instruction mnemonic 'lw',pytest-report.xml,failure,1,python.test_user_dfb_reuse,test_repeated_synchronized_reset_run[dram-selected-bf16],junit+exact-pytest-failure-block,pytest.log,146980,Exact parametrized heading and traceback source/function match JUnit
test/python/test_user_dfb_reuse.py::test_repeated_synchronized_reset_run[dram-selected-f32],pytest,JIT RISC-V / DFB reset-reconfiguration,emulator JIT compilation,high (observed diagnostic),/tmp/default/ttlang_kernel_write_a151db1d.cpp:68:16: error: invalid instruction mnemonic 'sw',pytest-report.xml,failure,1,python.test_user_dfb_reuse,test_repeated_synchronized_reset_run[dram-selected-f32],junit+exact-pytest-failure-block,pytest.log,148178,Exact parametrized heading and traceback source/function match JUnit
test/python/test_user_dfb_reuse.py::test_repeated_synchronized_reset_run[dram-all-bf16],pytest,JIT compilation failure (detailed cause unavailable),emulator JIT compilation,high (compilation failure observed; detailed cause not inferred),RuntimeError: jit_compile_kernel: compiler failed (exit 256) for kernel: /tmp/default/ttlang_kernel_compute_159a23b2.cpp,pytest-report.xml,failure,1,python.test_user_dfb_reuse,test_repeated_synchronized_reset_run[dram-all-bf16],junit,,,Exact parametrized heading and traceback source/function match JUnit; no classifiable diagnostic was captured in that block
test/python/test_user_dfb_reuse.py::test_repeated_synchronized_reset_run[dram-all-f32],pytest,JIT compilation failure (detailed cause unavailable),emulator JIT compilation,high (compilation failure observed; detailed cause not inferred),RuntimeError: jit_compile_kernel: compiler failed (exit 256) for kernel: /tmp/default/ttlang_kernel_compute_159a23b2.cpp,pytest-report.xml,failure,1,python.test_user_dfb_reuse,test_repeated_synchronized_reset_run[dram-all-f32],junit,,,Exact parametrized heading and traceback source/function match JUnit; no classifiable diagnostic was captured in that block
test/python/test_user_dfb_reuse.py::test_repeated_synchronized_reset_run[l1-selected-bf16],pytest,JIT compilation failure (detailed cause unavailable),emulator JIT compilation,high (compilation failure observed; detailed cause not inferred),RuntimeError: jit_compile_kernel: compiler failed (exit 256) for kernel: /tmp/default/ttlang_kernel_compute_159a23b2.cpp,pytest-report.xml,failure,1,python.test_user_dfb_reuse,test_repeated_synchronized_reset_run[l1-selected-bf16],junit,,,Exact parametrized heading and traceback source/function match JUnit; no classifiable diagnostic was captured in that block
test/python/test_user_dfb_reuse.py::test_repeated_synchronized_reset_run[l1-selected-f32],pytest,JIT compilation failure (detailed cause unavailable),emulator JIT compilation,high (compilation failure observed; detailed cause not inferred),RuntimeError: jit_compile_kernel: compiler failed (exit 256) for kernel: /tmp/default/ttlang_kernel_compute_159a23b2.cpp,pytest-report.xml,failure,1,python.test_user_dfb_reuse,test_repeated_synchronized_reset_run[l1-selected-f32],junit,,,Exact parametrized heading and traceback source/function match JUnit; no classifiable diagnostic was captured in that block
test/python/test_user_dfb_reuse.py::test_repeated_synchronized_reset_run[l1-all-bf16],pytest,JIT compilation failure (detailed cause unavailable),emulator JIT compilation,high (compilation failure observed; detailed cause not inferred),RuntimeError: jit_compile_kernel: compiler failed (exit 256) for kernel: /tmp/default/ttlang_kernel_compute_159a23b2.cpp,pytest-report.xml,failure,1,python.test_user_dfb_reuse,test_repeated_synchronized_reset_run[l1-all-bf16],junit,,,Exact parametrized heading and traceback source/function match JUnit; no classifiable diagnostic was captured in that block
test/python/test_user_dfb_reuse.py::test_repeated_synchronized_reset_run[l1-all-f32],pytest,JIT compilation failure (detailed cause unavailable),emulator JIT compilation,high (compilation failure observed; detailed cause not inferred),RuntimeError: jit_compile_kernel: compiler failed (exit 256) for kernel: /tmp/default/ttlang_kernel_compute_159a23b2.cpp,pytest-report.xml,failure,1,python.test_user_dfb_reuse,test_repeated_synchronized_reset_run[l1-all-f32],junit,,,Exact parametrized heading and traceback source/function match JUnit; no classifiable diagnostic was captured in that block
test/python/test_user_dfb_reuse.py::test_synchronized_reset_executes_above_physical_index_31,pytest,JIT RISC-V / DFB reset-reconfiguration,emulator JIT compilation,high (observed diagnostic),/tmp/default/ttlang_kernel_write_c0539066.cpp:68:16: error: invalid instruction mnemonic 'sw',pytest-report.xml,failure,1,python.test_user_dfb_reuse,test_synchronized_reset_executes_above_physical_index_31,junit+exact-pytest-failure-block,pytest.log,154474,Exact parametrized heading and traceback source/function match JUnit
test/python/test_user_dfb_reuse.py::test_synchronized_reset_supports_packed_and_integer_subtiles[dram-bfp4-8x32-dm],pytest,JIT RISC-V / DFB reset-reconfiguration,emulator JIT compilation,high (observed diagnostic),/tmp/default/ttlang_kernel_compute_6d5ebac3.cpp:66:16: error: invalid instruction mnemonic 'sw',pytest-report.xml,failure,1,python.test_user_dfb_reuse,test_synchronized_reset_supports_packed_and_integer_subtiles[dram-bfp4-8x32-dm],junit+exact-pytest-failure-block,pytest.log,155668,Exact parametrized heading and traceback source/function match JUnit
test/python/test_user_dfb_reuse.py::test_synchronized_reset_supports_packed_and_integer_subtiles[dram-uint8-1x16-dm],pytest,JIT RISC-V / DFB reset-reconfiguration,emulator JIT compilation,high (observed diagnostic),/tmp/default/ttlang_kernel_compute_6d5ebac3.cpp:66:16: error: invalid instruction mnemonic 'sw',pytest-report.xml,failure,1,python.test_user_dfb_reuse,test_synchronized_reset_supports_packed_and_integer_subtiles[dram-uint8-1x16-dm],junit+exact-pytest-failure-block,pytest.log,156802,Exact parametrized heading and traceback source/function match JUnit
test/python/test_user_dfb_reuse.py::test_synchronized_reset_supports_packed_and_integer_subtiles[dram-bfp4-32x32-compute],pytest,JIT RISC-V / DFB reset-reconfiguration,emulator JIT compilation,high (observed diagnostic),/tmp/default/ttlang_kernel_write_0d649eab.cpp:68:16: error: invalid instruction mnemonic 'sw',pytest-report.xml,failure,1,python.test_user_dfb_reuse,test_synchronized_reset_supports_packed_and_integer_subtiles[dram-bfp4-32x32-compute],junit+exact-pytest-failure-block,pytest.log,157936,Exact parametrized heading and traceback source/function match JUnit
test/python/test_user_dfb_reuse.py::test_synchronized_reset_supports_packed_and_integer_subtiles[dram-uint16-16x32-compute],pytest,JIT RISC-V / DFB reset-reconfiguration,emulator JIT compilation,high (observed diagnostic),/tmp/default/ttlang_kernel_write_f57f81f8.cpp:68:16: error: invalid instruction mnemonic 'sw',pytest-report.xml,failure,1,python.test_user_dfb_reuse,test_synchronized_reset_supports_packed_and_integer_subtiles[dram-uint16-16x32-compute],junit+exact-pytest-failure-block,pytest.log,159106,Exact parametrized heading and traceback source/function match JUnit
test/python/test_user_dfb_reuse.py::test_synchronized_reset_supports_packed_and_integer_subtiles[l1-bfp4-8x32-dm],pytest,JIT compilation failure (detailed cause unavailable),emulator JIT compilation,high (compilation failure observed; detailed cause not inferred),RuntimeError: jit_compile_kernel: compiler failed (exit 256) for kernel: /tmp/default/ttlang_kernel_compute_6d5ebac3.cpp,pytest-report.xml,failure,1,python.test_user_dfb_reuse,test_synchronized_reset_supports_packed_and_integer_subtiles[l1-bfp4-8x32-dm],junit,,,Exact parametrized heading and traceback source/function match JUnit; no classifiable diagnostic was captured in that block
test/python/test_user_dfb_reuse.py::test_synchronized_reset_supports_packed_and_integer_subtiles[l1-uint8-1x16-dm],pytest,JIT compilation failure (detailed cause unavailable),emulator JIT compilation,high (compilation failure observed; detailed cause not inferred),RuntimeError: jit_compile_kernel: compiler failed (exit 256) for kernel: /tmp/default/ttlang_kernel_compute_6d5ebac3.cpp,pytest-report.xml,failure,1,python.test_user_dfb_reuse,test_synchronized_reset_supports_packed_and_integer_subtiles[l1-uint8-1x16-dm],junit,,,Exact parametrized heading and traceback source/function match JUnit; no classifiable diagnostic was captured in that block
test/python/test_user_dfb_reuse.py::test_synchronized_reset_supports_packed_and_integer_subtiles[l1-bfp4-32x32-compute],pytest,JIT compilation failure (detailed cause unavailable),emulator JIT compilation,high (compilation failure observed; detailed cause not inferred),RuntimeError: jit_compile_kernel: compiler failed (exit 256) for kernel: /tmp/default/ttlang_kernel_compute_ecf6d815.cpp,pytest-report.xml,failure,1,python.test_user_dfb_reuse,test_synchronized_reset_supports_packed_and_integer_subtiles[l1-bfp4-32x32-compute],junit,,,Exact parametrized heading and traceback source/function match JUnit; no classifiable diagnostic was captured in that block
test/python/test_user_dfb_reuse.py::test_synchronized_reset_supports_packed_and_integer_subtiles[l1-uint16-16x32-compute],pytest,JIT compilation failure (detailed cause unavailable),emulator JIT compilation,high (compilation failure observed; detailed cause not inferred),RuntimeError: jit_compile_kernel: compiler failed (exit 256) for kernel: /tmp/default/ttlang_kernel_compute_ecf6d815.cpp,pytest-report.xml,failure,1,python.test_user_dfb_reuse,test_synchronized_reset_supports_packed_and_integer_subtiles[l1-uint16-16x32-compute],junit,,,Exact parametrized heading and traceback source/function match JUnit; no classifiable diagnostic was captured in that block
test/python/test_user_dfb_reuse.py::test_selected_reset_preserves_non_target_live_aliases,pytest,JIT RISC-V / DFB reset-reconfiguration,emulator JIT compilation,high (observed diagnostic),/tmp/default/ttlang_kernel_compute_e5e81d3c.cpp:66:16: error: invalid instruction mnemonic 'sw',pytest-report.xml,failure,1,python.test_user_dfb_reuse,test_selected_reset_preserves_non_target_live_aliases,junit+exact-pytest-failure-block,pytest.log,163464,Exact parametrized heading and traceback source/function match JUnit
test/python/test_user_dfb_reuse.py::test_allocation_group_reuses_interleaved_reset_epochs[dram-bf16],pytest,JIT RISC-V / DFB reset-reconfiguration,emulator JIT compilation,high (observed diagnostic),/tmp/default/ttlang_kernel_write_fca62ccf.cpp:68:16: error: invalid instruction mnemonic 'sw',pytest-report.xml,failure,1,python.test_user_dfb_reuse,test_allocation_group_reuses_interleaved_reset_epochs[dram-bf16],junit+exact-pytest-failure-block,pytest.log,164620,Exact parametrized heading and traceback source/function match JUnit
test/python/test_user_dfb_reuse.py::test_allocation_group_reuses_interleaved_reset_epochs[dram-f32],pytest,JIT RISC-V / DFB reset-reconfiguration,emulator JIT compilation,high (observed diagnostic),/tmp/default/ttlang_kernel_write_175f9644.cpp:68:16: error: invalid instruction mnemonic 'sw',pytest-report.xml,failure,1,python.test_user_dfb_reuse,test_allocation_group_reuses_interleaved_reset_epochs[dram-f32],junit+exact-pytest-failure-block,pytest.log,165895,Exact parametrized heading and traceback source/function match JUnit
test/python/test_user_dfb_reuse.py::test_allocation_group_reuses_interleaved_reset_epochs[l1-bf16],pytest,JIT compilation failure (detailed cause unavailable),emulator JIT compilation,high (compilation failure observed; detailed cause not inferred),RuntimeError: jit_compile_kernel: compiler failed (exit 256) for kernel: /tmp/default/ttlang_kernel_compute_46e7eaf2.cpp,pytest-report.xml,failure,1,python.test_user_dfb_reuse,test_allocation_group_reuses_interleaved_reset_epochs[l1-bf16],junit,,,Exact parametrized heading and traceback source/function match JUnit; no classifiable diagnostic was captured in that block
test/python/test_user_dfb_reuse.py::test_allocation_group_reuses_interleaved_reset_epochs[l1-f32],pytest,JIT compilation failure (detailed cause unavailable),emulator JIT compilation,high (compilation failure observed; detailed cause not inferred),RuntimeError: jit_compile_kernel: compiler failed (exit 256) for kernel: /tmp/default/ttlang_kernel_compute_46e7eaf2.cpp,pytest-report.xml,failure,1,python.test_user_dfb_reuse,test_allocation_group_reuses_interleaved_reset_epochs[l1-f32],junit,,,Exact parametrized heading and traceback source/function match JUnit; no classifiable diagnostic was captured in that block
test/python/test_user_dfb_reuse.py::test_nested_unknown_reset_target_does_not_reverse_reset_order[dram-bf16],pytest,JIT RISC-V / DFB reset-reconfiguration,emulator JIT compilation,high (observed diagnostic),/tmp/default/ttlang_kernel_write_65d8e837.cpp:68:16: error: invalid instruction mnemonic 'sw',pytest-report.xml,failure,1,python.test_user_dfb_reuse,test_nested_unknown_reset_target_does_not_reverse_reset_order[dram-bf16],junit+exact-pytest-failure-block,pytest.log,168912,Exact parametrized heading and traceback source/function match JUnit
test/python/test_user_dfb_reuse.py::test_nested_unknown_reset_target_does_not_reverse_reset_order[dram-f32],pytest,JIT RISC-V / DFB reset-reconfiguration,emulator JIT compilation,high (observed diagnostic),/tmp/default/ttlang_kernel_write_d9402262.cpp:68:16: error: invalid instruction mnemonic 'sw',pytest-report.xml,failure,1,python.test_user_dfb_reuse,test_nested_unknown_reset_target_does_not_reverse_reset_order[dram-f32],junit+exact-pytest-failure-block,pytest.log,170211,Exact parametrized heading and traceback source/function match JUnit
test/python/test_user_dfb_reuse.py::test_nested_unknown_reset_target_does_not_reverse_reset_order[l1-bf16],pytest,JIT compilation failure (detailed cause unavailable),emulator JIT compilation,high (compilation failure observed; detailed cause not inferred),RuntimeError: jit_compile_kernel: compiler failed (exit 256) for kernel: /tmp/default/ttlang_kernel_compute_86721662.cpp,pytest-report.xml,failure,1,python.test_user_dfb_reuse,test_nested_unknown_reset_target_does_not_reverse_reset_order[l1-bf16],junit,,,Exact parametrized heading and traceback source/function match JUnit; no classifiable diagnostic was captured in that block
test/python/test_user_dfb_reuse.py::test_nested_unknown_reset_target_does_not_reverse_reset_order[l1-f32],pytest,JIT compilation failure (detailed cause unavailable),emulator JIT compilation,high (compilation failure observed; detailed cause not inferred),RuntimeError: jit_compile_kernel: compiler failed (exit 256) for kernel: /tmp/default/ttlang_kernel_compute_86721662.cpp,pytest-report.xml,failure,1,python.test_user_dfb_reuse,test_nested_unknown_reset_target_does_not_reverse_reset_order[l1-f32],junit,,,Exact parametrized heading and traceback source/function match JUnit; no classifiable diagnostic was captured in that block
test/python/test_user_dfb_reuse.py::test_disjoint_incompatible_static_configurations_do_not_reuse_dfb[dram],pytest,Numerical: incompatible static DFB configurations,runtime result validation,high (observed mismatch; root cause not inferred),Mismatched elements: 992 / 2048,pytest-report.xml,failure,1,python.test_user_dfb_reuse,test_disjoint_incompatible_static_configurations_do_not_reuse_dfb[dram],junit,,,
test/python/test_user_dfb_reuse.py::test_disjoint_incompatible_static_configurations_do_not_reuse_dfb[l1],pytest,Numerical: incompatible static DFB configurations,runtime result validation,high (observed mismatch; root cause not inferred),Mismatched elements: 992 / 2048,pytest-report.xml,failure,1,python.test_user_dfb_reuse,test_disjoint_incompatible_static_configurations_do_not_reuse_dfb[l1],junit,,,
test/python/dprint/cb_metadata.py,python-lit,Missing expected DPRINT output,output verification,high (observed symptom; cause not inferred),# | /workspace/test/python/dprint/cb_metadata.py:52:10: error: CHECK: expected string not found in input,python-lit-report.xml,failure,1,TTLang.python/dprint,cb_metadata.py,junit,,,
test/python/dprint/runtime.py,python-lit,Missing expected DPRINT output,output verification,high (observed symptom; cause not inferred),# | /workspace/test/python/dprint/runtime.py:158:10: error: CHECK: expected string not found in input,python-lit-report.xml,failure,1,TTLang.python/dprint,runtime.py,junit,,,
test/python/dprint/tensor_accessor_page_print.py,python-lit,Missing expected DPRINT output,output verification,high (observed symptom; cause not inferred),# | /workspace/test/python/dprint/tensor_accessor_page_print.py:56:10: error: CHECK: expected string not found in input,python-lit-report.xml,failure,1,TTLang.python/dprint,tensor_accessor_page_print.py,junit,,,
test/python/dprint/tile_after_store.py,python-lit,Missing expected DPRINT output,output verification,high (observed symptom; cause not inferred),# | /workspace/test/python/dprint/tile_after_store.py:57:10: error: CHECK: expected string not found in input,python-lit-report.xml,failure,1,TTLang.python/dprint,tile_after_store.py,junit,,,
